{"stats":{"minecraft:used":{"minecraft:stone_sword":32,"minecraft:birch_planks":25,"minecraft:stone_pickaxe":156,"minecraft:oak_planks":60,"minecraft:chest":2,"minecraft:wooden_pickaxe":11,"minecraft:iron_sword":38,"minecraft:torch":18,"minecraft:dirt":47,"minecraft:oak_slab":9,"minecraft:crafting_table":4,"minecraft:white_bed":1,"minecraft:campfire":1,"minecraft:snowball":5,"minecraft:birch_door":2,"minecraft:oak_pressure_plate":2,"minecraft:lilac":7,"minecraft:stone_axe":26,"minecraft:cobblestone":19,"minecraft:furnace":1,"minecraft:cooked_beef":6},"minecraft:picked_up":{"minecraft:birch_log":10,"minecraft:iron_chestplate":1,"minecraft:crafting_table":3,"minecraft:lilac":7,"minecraft:cooked_beef":7,"minecraft:leather":4,"minecraft:birch_planks":4,"minecraft:oak_log":32,"minecraft:dirt":53,"minecraft:iron_leggings":1,"minecraft:apple":1,"minecraft:beef":7,"minecraft:cooked_chicken":1,"minecraft:chest":2,"minecraft:oak_planks":4,"minecraft:iron_boots":1,"minecraft:oak_slab":2,"minecraft:stick":2,"minecraft:raw_iron":15,"minecraft:cooked_porkchop":9,"minecraft:torch":12,"minecraft:gravel":3,"minecraft:porkchop":8,"minecraft:rotten_flesh":7,"minecraft:granite":4,"minecraft:oak_sapling":5,"minecraft:coal":64,"minecraft:snowball":21,"minecraft:white_wool":3,"minecraft:cobblestone":46},"minecraft:broken":{"minecraft:stone_pickaxe":1},"minecraft:mined":{"minecraft:oak_slab":2,"minecraft:crafting_table":3,"minecraft:torch":1,"minecraft:granite":5,"minecraft:short_grass":1,"minecraft:grass_block":20,"minecraft:chest":2,"minecraft:cobblestone":1,"minecraft:oak_planks":4,"minecraft:wall_torch":10,"minecraft:spawner":1,"minecraft:birch_planks":4,"minecraft:birch_log":10,"minecraft:iron_ore":15,"minecraft:lilac":7,"minecraft:birch_leaves":2,"minecraft:oak_log":30,"minecraft:coal_ore":65,"minecraft:gravel":3,"minecraft:dirt":16,"minecraft:stone":39,"minecraft:oak_leaves":8},"minecraft:killed":{"minecraft:pig":4,"minecraft:spider":1,"minecraft:zombie":4,"minecraft:cow":4},"minecraft:dropped":{"minecraft:cooked_porkchop":5},"minecraft:custom":{"minecraft:interact_with_furnace":6,"minecraft:mob_kills":13,"minecraft:interact_with_crafting_table":19,"minecraft:interact_with_campfire":21,"minecraft:leave_game":8,"minecraft:time_since_death":83138,"minecraft:sleep_in_bed":1,"minecraft:time_since_rest":5654,"minecraft:sprint_one_cm":91707,"minecraft:damage_taken":1482,"minecraft:walk_one_cm":201277,"minecraft:drop":1,"minecraft:damage_dealt":1882,"minecraft:fly_one_cm":16392,"minecraft:open_chest":16,"minecraft:play_time":84646,"minecraft:deaths":1,"minecraft:sneak_time":15,"minecraft:walk_under_water_one_cm":228,"minecraft:jump":728,"minecraft:walk_on_water_one_cm":1134,"minecraft:total_world_time":84646,"minecraft:fall_one_cm":22495},"minecraft:crafted":{"minecraft:oak_planks":104,"minecraft:oak_slab":36,"minecraft:crafting_table":2,"minecraft:oak_pressure_plate":2,"minecraft:wooden_pickaxe":1,"minecraft:iron_helmet":1,"minecraft:iron_sword":1,"minecraft:furnace":1,"minecraft:birch_planks":40,"minecraft:campfire":1,"minecraft:stone_axe":2,"minecraft:iron_chestplate":1,"minecraft:white_wool":1,"minecraft:shield":1,"minecraft:stick":20,"minecraft:iron_ingot":15,"minecraft:stone_pickaxe":3,"minecraft:stone_sword":2,"minecraft:white_bed":1,"minecraft:birch_door":3,"minecraft:torch":12}},"DataVersion":3955}