{"stats":{"minecraft:picked_up":{"minecraft:crafting_table":3,"minecraft:salmon":3,"minecraft:oak_log":18,"minecraft:spruce_log":8,"minecraft:dirt":1,"minecraft:oak_sapling":1,"minecraft:cobblestone":12},"minecraft:custom":{"minecraft:time_since_rest":14422,"minecraft:sprint_one_cm":73230,"minecraft:interact_with_furnace":5,"minecraft:damage_taken":70,"minecraft:walk_one_cm":45858,"minecraft:mob_kills":3,"minecraft:damage_dealt":90,"minecraft:interact_with_crafting_table":5,"minecraft:swim_one_cm":1708,"minecraft:fly_one_cm":17265,"minecraft:crouch_one_cm":239,"minecraft:play_time":14422,"minecraft:sneak_time":77,"minecraft:walk_under_water_one_cm":5235,"minecraft:jump":284,"minecraft:leave_game":1,"minecraft:time_since_death":14422,"minecraft:walk_on_water_one_cm":8429,"minecraft:total_world_time":14422,"minecraft:fall_one_cm":3235},"minecraft:crafted":{"minecraft:oak_planks":40,"minecraft:charcoal":1,"minecraft:crafting_table":2,"minecraft:stick":4,"minecraft:wooden_axe":1,"minecraft:wooden_pickaxe":1,"minecraft:furnace":1,"minecraft:cooked_salmon":3},"minecraft:killed":{"minecraft:salmon":3},"minecraft:mined":{"minecraft:tall_seagrass":1,"minecraft:spruce_log":8,"minecraft:crafting_table":3,"minecraft:grass_block":1,"minecraft:oak_log":18,"minecraft:spruce_leaves":1,"minecraft:stone":12,"minecraft:fern":2},"minecraft:used":{"minecraft:wooden_axe":27,"minecraft:wooden_pickaxe":12,"minecraft:cooked_salmon":3,"minecraft:crafting_table":4,"minecraft:furnace":1}},"DataVersion":3955}