{"stats":{"minecraft:picked_up":{"minecraft:stick":24,"minecraft:crafting_table":6,"minecraft:chicken":1,"minecraft:sweet_berries":30,"minecraft:salmon":3,"minecraft:torch":1,"minecraft:porkchop":8,"minecraft:oak_log":18,"minecraft:spruce_sapling":3,"minecraft:spruce_log":110,"minecraft:gunpowder":1,"minecraft:dirt":2,"minecraft:iron_ingot":6,"minecraft:baked_potato":3,"minecraft:oak_sapling":1,"minecraft:sugar_cane":11,"minecraft:cobblestone":22,"minecraft:furnace":1},"minecraft:dropped":{"minecraft:spruce_log":14},"minecraft:custom":{"minecraft:time_since_rest":50996,"minecraft:interact_with_furnace":18,"minecraft:sprint_one_cm":510440,"minecraft:damage_taken":424,"minecraft:walk_one_cm":217272,"minecraft:mob_kills":8,"minecraft:drop":1,"minecraft:damage_dealt":536,"minecraft:interact_with_crafting_table":15,"minecraft:swim_one_cm":54329,"minecraft:talked_to_villager":3,"minecraft:fly_one_cm":120327,"minecraft:open_chest":12,"minecraft:crouch_one_cm":1199,"minecraft:play_time":67988,"minecraft:deaths":1,"minecraft:sneak_time":245,"minecraft:walk_under_water_one_cm":8285,"minecraft:boat_one_cm":99808,"minecraft:jump":1002,"minecraft:leave_game":4,"minecraft:walk_on_water_one_cm":28218,"minecraft:time_since_death":50912,"minecraft:total_world_time":67988,"minecraft:fall_one_cm":14256},"minecraft:crafted":{"minecraft:wooden_sword":1,"minecraft:oak_planks":40,"minecraft:iron_boots":1,"minecraft:charcoal":2,"minecraft:cooked_porkchop":6,"minecraft:shield":1,"minecraft:crafting_table":4,"minecraft:iron_axe":1,"minecraft:spruce_planks":40,"minecraft:stick":12,"minecraft:wooden_pickaxe":2,"minecraft:iron_ingot":5,"minecraft:wooden_axe":2,"minecraft:iron_sword":1,"minecraft:chest":1,"minecraft:furnace":2,"minecraft:cooked_salmon":3},"minecraft:killed":{"minecraft:chicken":1,"minecraft:pig":4,"minecraft:salmon":3},"minecraft:mined":{"minecraft:tall_seagrass":1,"minecraft:furnace":1,"minecraft:spruce_log":112,"minecraft:crafting_table":6,"minecraft:torch":1,"minecraft:grass_block":2,"minecraft:oak_log":18,"minecraft:spruce_leaves":49,"minecraft:stone":22,"minecraft:sugar_cane":1,"minecraft:fern":2},"minecraft:used":{"minecraft:wooden_axe":37,"minecraft:iron_sword":7,"minecraft:iron_axe":114,"minecraft:baked_potato":3,"minecraft:chest":1,"minecraft:wooden_pickaxe":24,"minecraft:spruce_sapling":1,"minecraft:iron_boots":1,"minecraft:cooked_salmon":3,"minecraft:wooden_sword":26,"minecraft:sweet_berries":2,"minecraft:crafting_table":9,"minecraft:furnace":3,"minecraft:cooked_porkchop":6}},"DataVersion":3955}