{"stats":{"minecraft:picked_up":{"minecraft:crafting_table":1,"minecraft:oak_log":18,"minecraft:spruce_log":8,"minecraft:oak_sapling":1},"minecraft:custom":{"minecraft:time_since_rest":5995,"minecraft:crouch_one_cm":239,"minecraft:play_time":5995,"minecraft:sprint_one_cm":53392,"minecraft:damage_taken":40,"minecraft:walk_one_cm":20266,"minecraft:sneak_time":77,"minecraft:jump":78,"minecraft:time_since_death":5995,"minecraft:total_world_time":5995,"minecraft:fall_one_cm":1423,"minecraft:interact_with_crafting_table":2,"minecraft:fly_one_cm":10673},"minecraft:crafted":{"minecraft:oak_planks":20,"minecraft:crafting_table":1,"minecraft:stick":4,"minecraft:wooden_axe":1},"minecraft:mined":{"minecraft:oak_log":18,"minecraft:spruce_leaves":1,"minecraft:spruce_log":8,"minecraft:fern":1,"minecraft:crafting_table":1},"minecraft:used":{"minecraft:wooden_axe":23,"minecraft:crafting_table":1}},"DataVersion":3955}