{"stats":{"minecraft:used":{"minecraft:stone_sword":32,"minecraft:birch_planks":25,"minecraft:stone_pickaxe":156,"minecraft:oak_planks":60,"minecraft:chest":2,"minecraft:wooden_pickaxe":11,"minecraft:iron_sword":38,"minecraft:torch":18,"minecraft:dirt":47,"minecraft:oak_slab":9,"minecraft:crafting_table":4,"minecraft:campfire":1,"minecraft:snowball":5,"minecraft:birch_door":2,"minecraft:oak_pressure_plate":2,"minecraft:stone_axe":26,"minecraft:cobblestone":19,"minecraft:furnace":1,"minecraft:cooked_beef":5},"minecraft:picked_up":{"minecraft:birch_log":10,"minecraft:crafting_table":3,"minecraft:cooked_beef":6,"minecraft:leather":4,"minecraft:birch_planks":4,"minecraft:oak_log":32,"minecraft:dirt":53,"minecraft:apple":1,"minecraft:beef":7,"minecraft:chest":2,"minecraft:oak_planks":4,"minecraft:oak_slab":2,"minecraft:stick":2,"minecraft:raw_iron":15,"minecraft:cooked_porkchop":2,"minecraft:torch":12,"minecraft:gravel":3,"minecraft:porkchop":8,"minecraft:rotten_flesh":5,"minecraft:granite":4,"minecraft:oak_sapling":5,"minecraft:coal":64,"minecraft:snowball":21,"minecraft:cobblestone":46},"minecraft:broken":{"minecraft:stone_pickaxe":1},"minecraft:mined":{"minecraft:oak_slab":2,"minecraft:crafting_table":3,"minecraft:torch":1,"minecraft:granite":5,"minecraft:short_grass":1,"minecraft:grass_block":20,"minecraft:chest":2,"minecraft:cobblestone":1,"minecraft:oak_planks":4,"minecraft:wall_torch":10,"minecraft:spawner":1,"minecraft:birch_planks":4,"minecraft:birch_log":10,"minecraft:iron_ore":15,"minecraft:birch_leaves":2,"minecraft:oak_log":30,"minecraft:coal_ore":65,"minecraft:gravel":3,"minecraft:dirt":16,"minecraft:stone":39,"minecraft:oak_leaves":8},"minecraft:killed":{"minecraft:pig":4,"minecraft:spider":1,"minecraft:zombie":4,"minecraft:cow":4},"minecraft:custom":{"minecraft:interact_with_furnace":6,"minecraft:mob_kills":13,"minecraft:interact_with_crafting_table":17,"minecraft:interact_with_campfire":9,"minecraft:leave_game":7,"minecraft:time_since_death":69329,"minecraft:time_since_rest":69375,"minecraft:sprint_one_cm":61495,"minecraft:damage_taken":1374,"minecraft:walk_one_cm":162278,"minecraft:damage_dealt":1880,"minecraft:fly_one_cm":10079,"minecraft:open_chest":9,"minecraft:play_time":70837,"minecraft:deaths":1,"minecraft:walk_under_water_one_cm":228,"minecraft:jump":590,"minecraft:walk_on_water_one_cm":1134,"minecraft:total_world_time":70837,"minecraft:fall_one_cm":18620},"minecraft:crafted":{"minecraft:oak_planks":104,"minecraft:oak_slab":36,"minecraft:crafting_table":2,"minecraft:oak_pressure_plate":2,"minecraft:wooden_pickaxe":1,"minecraft:iron_helmet":1,"minecraft:iron_sword":1,"minecraft:furnace":1,"minecraft:birch_planks":40,"minecraft:campfire":1,"minecraft:stone_axe":2,"minecraft:iron_chestplate":1,"minecraft:white_wool":1,"minecraft:shield":1,"minecraft:stick":20,"minecraft:iron_ingot":15,"minecraft:stone_pickaxe":3,"minecraft:stone_sword":2,"minecraft:birch_door":3,"minecraft:torch":12}},"DataVersion":3955}