{"stats":{"minecraft:picked_up":{"minecraft:stick":2,"minecraft:crafting_table":6,"minecraft:sweet_berries":9,"minecraft:salmon":3,"minecraft:torch":1,"minecraft:porkchop":6,"minecraft:oak_log":18,"minecraft:spruce_sapling":1,"minecraft:gunpowder":1,"minecraft:spruce_log":40,"minecraft:dirt":2,"minecraft:oak_sapling":1,"minecraft:sugar_cane":3,"minecraft:cobblestone":22,"minecraft:furnace":1},"minecraft:dropped":{"minecraft:spruce_log":14},"minecraft:custom":{"minecraft:time_since_rest":26630,"minecraft:interact_with_furnace":18,"minecraft:sprint_one_cm":308069,"minecraft:damage_taken":360,"minecraft:walk_one_cm":166322,"minecraft:mob_kills":6,"minecraft:drop":1,"minecraft:damage_dealt":436,"minecraft:talked_to_villager":3,"minecraft:swim_one_cm":26210,"minecraft:interact_with_crafting_table":12,"minecraft:fly_one_cm":45656,"minecraft:open_chest":5,"minecraft:crouch_one_cm":1105,"minecraft:play_time":43622,"minecraft:deaths":1,"minecraft:sneak_time":206,"minecraft:walk_under_water_one_cm":5786,"minecraft:jump":611,"minecraft:leave_game":3,"minecraft:walk_on_water_one_cm":18677,"minecraft:time_since_death":26546,"minecraft:total_world_time":43622,"minecraft:fall_one_cm":8892},"minecraft:crafted":{"minecraft:wooden_sword":1,"minecraft:oak_planks":40,"minecraft:charcoal":2,"minecraft:cooked_porkchop":6,"minecraft:iron_axe":1,"minecraft:crafting_table":3,"minecraft:spruce_planks":16,"minecraft:stick":12,"minecraft:iron_ingot":5,"minecraft:wooden_pickaxe":2,"minecraft:wooden_axe":2,"minecraft:furnace":2,"minecraft:cooked_salmon":3},"minecraft:killed":{"minecraft:pig":3,"minecraft:salmon":3},"minecraft:mined":{"minecraft:tall_seagrass":1,"minecraft:furnace":1,"minecraft:spruce_log":40,"minecraft:torch":1,"minecraft:crafting_table":6,"minecraft:grass_block":2,"minecraft:oak_log":18,"minecraft:spruce_leaves":21,"minecraft:stone":22,"minecraft:fern":2},"minecraft:used":{"minecraft:wooden_axe":37,"minecraft:iron_axe":14,"minecraft:wooden_pickaxe":24,"minecraft:spruce_sapling":1,"minecraft:cooked_salmon":3,"minecraft:wooden_sword":26,"minecraft:sweet_berries":2,"minecraft:crafting_table":8,"minecraft:furnace":3,"minecraft:cooked_porkchop":4}},"DataVersion":3955}