{"stats":{"minecraft:mined":{"minecraft:oak_log":40,"minecraft:sand":1,"minecraft:sugar_cane":4,"minecraft:oak_leaves":2,"minecraft:crafting_table":1},"minecraft:picked_up":{"minecraft:stick":2,"minecraft:crafting_table":1,"minecraft:bone":1,"minecraft:apple":1,"minecraft:oak_log":40,"minecraft:oak_sapling":2,"minecraft:sugar_cane":4},"minecraft:crafted":{"minecraft:oak_planks":16,"minecraft:crafting_table":1,"minecraft:stick":4,"minecraft:wooden_axe":1},"minecraft:custom":{"minecraft:time_since_rest":5720,"minecraft:walk_one_cm":26055,"minecraft:play_time":7340,"minecraft:sprint_one_cm":19585,"minecraft:damage_taken":313,"minecraft:deaths":1,"minecraft:jump":121,"minecraft:damage_dealt":70,"minecraft:time_since_death":5669,"minecraft:leave_game":2,"minecraft:walk_on_water_one_cm":985,"minecraft:total_world_time":7340,"minecraft:interact_with_crafting_table":2,"minecraft:fall_one_cm":404,"minecraft:fly_one_cm":6041},"minecraft:used":{"minecraft:wooden_axe":31,"minecraft:apple":1,"minecraft:crafting_table":1}},"DataVersion":3955}