{"stats":{"minecraft:picked_up":{"minecraft:stick":24,"minecraft:crafting_table":6,"minecraft:cooked_beef":3,"minecraft:chicken":1,"minecraft:cooked_porkchop":5,"minecraft:sweet_berries":30,"minecraft:salmon":3,"minecraft:leather":2,"minecraft:torch":1,"minecraft:porkchop":8,"minecraft:oak_log":18,"minecraft:spruce_sapling":3,"minecraft:spruce_log":110,"minecraft:gunpowder":1,"minecraft:dirt":2,"minecraft:beef":3,"minecraft:iron_ingot":6,"minecraft:baked_potato":3,"minecraft:oak_sapling":1,"minecraft:sugar_cane":11,"minecraft:coal":5,"minecraft:cobblestone":22,"minecraft:furnace":1},"minecraft:dropped":{"minecraft:spruce_log":14},"minecraft:custom":{"minecraft:time_since_rest":57880,"minecraft:interact_with_furnace":19,"minecraft:sprint_one_cm":541237,"minecraft:damage_taken":424,"minecraft:walk_one_cm":236276,"minecraft:mob_kills":9,"minecraft:drop":1,"minecraft:damage_dealt":636,"minecraft:interact_with_crafting_table":15,"minecraft:swim_one_cm":66882,"minecraft:talked_to_villager":3,"minecraft:fly_one_cm":130524,"minecraft:open_chest":12,"minecraft:crouch_one_cm":1288,"minecraft:play_time":74872,"minecraft:deaths":1,"minecraft:sneak_time":252,"minecraft:walk_under_water_one_cm":8695,"minecraft:boat_one_cm":150227,"minecraft:jump":1138,"minecraft:leave_game":5,"minecraft:walk_on_water_one_cm":34671,"minecraft:time_since_death":57796,"minecraft:total_world_time":74872,"minecraft:fall_one_cm":15539},"minecraft:crafted":{"minecraft:wooden_sword":1,"minecraft:oak_planks":40,"minecraft:iron_boots":1,"minecraft:charcoal":2,"minecraft:cooked_porkchop":6,"minecraft:shield":1,"minecraft:crafting_table":4,"minecraft:iron_axe":1,"minecraft:spruce_planks":40,"minecraft:stick":12,"minecraft:wooden_pickaxe":2,"minecraft:iron_ingot":5,"minecraft:wooden_axe":2,"minecraft:iron_sword":1,"minecraft:chest":1,"minecraft:furnace":2,"minecraft:cooked_salmon":3},"minecraft:killed":{"minecraft:chicken":1,"minecraft:pig":4,"minecraft:salmon":3,"minecraft:cow":1},"minecraft:mined":{"minecraft:tall_seagrass":1,"minecraft:furnace":1,"minecraft:spruce_log":112,"minecraft:crafting_table":6,"minecraft:torch":1,"minecraft:coal_ore":4,"minecraft:grass_block":2,"minecraft:oak_log":18,"minecraft:spruce_leaves":49,"minecraft:stone":22,"minecraft:sugar_cane":1,"minecraft:fern":2},"minecraft:used":{"minecraft:wooden_axe":37,"minecraft:iron_axe":114,"minecraft:wooden_pickaxe":28,"minecraft:baked_potato":3,"minecraft:chest":1,"minecraft:spruce_sapling":1,"minecraft:iron_sword":10,"minecraft:iron_boots":1,"minecraft:cooked_salmon":3,"minecraft:wooden_sword":26,"minecraft:crafting_table":9,"minecraft:sweet_berries":6,"minecraft:furnace":3,"minecraft:cooked_porkchop":6}},"DataVersion":3955}