{"stats":{"minecraft:picked_up":{"minecraft:wooden_axe":1,"minecraft:iron_chestplate":1,"minecraft:crafting_table":11,"minecraft:cooked_beef":4,"minecraft:chicken":2,"minecraft:salmon":3,"minecraft:leather_leggings":1,"minecraft:leather":4,"minecraft:wooden_pickaxe":1,"minecraft:oak_log":18,"minecraft:shield":2,"minecraft:gunpowder":1,"minecraft:red_bed":3,"minecraft:dirt":10,"minecraft:iron_axe":1,"minecraft:wooden_sword":1,"minecraft:iron_leggings":1,"minecraft:iron_shovel":2,"minecraft:wheat_seeds":3,"minecraft:cobbled_deepslate":27,"minecraft:iron_ingot":6,"minecraft:beef":6,"minecraft:iron_pickaxe":2,"minecraft:sugar_cane":39,"minecraft:iron_sword":2,"minecraft:iron_boots":1,"minecraft:furnace":1,"minecraft:stick":51,"minecraft:cooked_porkchop":10,"minecraft:sweet_berries":47,"minecraft:torch":35,"minecraft:dandelion":2,"minecraft:porkchop":8,"minecraft:spruce_sapling":5,"minecraft:white_bed":1,"minecraft:spruce_log":121,"minecraft:rotten_flesh":1,"minecraft:arrow":73,"minecraft:spruce_boat":2,"minecraft:iron_helmet":1,"minecraft:baked_potato":4,"minecraft:oak_sapling":1,"minecraft:mutton":4,"minecraft:coal":9,"minecraft:white_wool":1,"minecraft:cobblestone":30,"minecraft:ender_pearl":2},"minecraft:dropped":{"minecraft:red_bed":1,"minecraft:spruce_log":14,"minecraft:white_wool":1},"minecraft:custom":{"minecraft:interact_with_furnace":21,"minecraft:mob_kills":12,"minecraft:interact_with_crafting_table":19,"minecraft:leave_game":5,"minecraft:time_since_death":6547,"minecraft:sleep_in_bed":4,"minecraft:time_since_rest":6636,"minecraft:sprint_one_cm":602312,"minecraft:damage_taken":1440,"minecraft:walk_one_cm":342085,"minecraft:drop":3,"minecraft:damage_dealt":3790,"minecraft:talked_to_villager":3,"minecraft:swim_one_cm":80059,"minecraft:fly_one_cm":151946,"minecraft:open_chest":12,"minecraft:crouch_one_cm":4220,"minecraft:play_time":104872,"minecraft:deaths":4,"minecraft:sneak_time":2125,"minecraft:walk_under_water_one_cm":25477,"minecraft:boat_one_cm":150227,"minecraft:jump":1643,"minecraft:walk_on_water_one_cm":63619,"minecraft:total_world_time":104872,"minecraft:fall_one_cm":26702},"minecraft:crafted":{"minecraft:wooden_sword":1,"minecraft:oak_planks":40,"minecraft:cooked_porkchop":6,"minecraft:crafting_table":4,"minecraft:spruce_planks":44,"minecraft:wooden_pickaxe":2,"minecraft:iron_sword":1,"minecraft:furnace":2,"minecraft:cooked_salmon":3,"minecraft:iron_boots":1,"minecraft:charcoal":2,"minecraft:shield":1,"minecraft:iron_axe":1,"minecraft:stick":20,"minecraft:iron_ingot":5,"minecraft:wooden_axe":2,"minecraft:chest":1,"minecraft:torch":20},"minecraft:killed_by":{"minecraft:warden":1,"minecraft:player":1},"minecraft:killed":{"minecraft:pig":4,"minecraft:salmon":3,"minecraft:sheep":1,"minecraft:zombie":1,"minecraft:chicken":1,"minecraft:warden":1,"minecraft:cow":1},"minecraft:mined":{"minecraft:red_bed":1,"minecraft:crafting_table":8,"minecraft:torch":1,"minecraft:grass_block":5,"minecraft:sculk_sensor":6,"minecraft:spruce_leaves":49,"minecraft:sugar_cane":1,"minecraft:sculk":4,"minecraft:tall_seagrass":1,"minecraft:furnace":1,"minecraft:spruce_log":112,"minecraft:sculk_shrieker":1,"minecraft:oak_log":18,"minecraft:coal_ore":6,"minecraft:dirt":1,"minecraft:stone":23,"minecraft:deepslate":20,"minecraft:fern":2},"minecraft:used":{"minecraft:leather_leggings":1,"minecraft:baked_potato":3,"minecraft:chest":1,"minecraft:wooden_pickaxe":43,"minecraft:iron_sword":190,"minecraft:cooked_salmon":3,"minecraft:torch":13,"minecraft:dirt":1,"minecraft:crafting_table":12,"minecraft:red_bed":2,"minecraft:white_bed":1,"minecraft:wooden_axe":37,"minecraft:iron_axe":115,"minecraft:iron_pickaxe":12,"minecraft:iron_boots":1,"minecraft:spruce_sapling":1,"minecraft:wooden_sword":26,"minecraft:cobblestone":3,"minecraft:sweet_berries":6,"minecraft:furnace":3,"minecraft:cooked_porkchop":6,"minecraft:cooked_beef":2,"minecraft:cobbled_deepslate":1,"minecraft:iron_leggings":1}},"DataVersion":3955}