{"stats":{"minecraft:picked_up":{"minecraft:crafting_table":4,"minecraft:sweet_berries":9,"minecraft:salmon":3,"minecraft:porkchop":1,"minecraft:oak_log":18,"minecraft:spruce_log":29,"minecraft:dirt":1,"minecraft:oak_sapling":1,"minecraft:sugar_cane":3,"minecraft:cobblestone":12},"minecraft:custom":{"minecraft:time_since_rest":9845,"minecraft:sprint_one_cm":159381,"minecraft:interact_with_furnace":5,"minecraft:damage_taken":360,"minecraft:walk_one_cm":108369,"minecraft:mob_kills":5,"minecraft:damage_dealt":308,"minecraft:swim_one_cm":26210,"minecraft:interact_with_crafting_table":7,"minecraft:fly_one_cm":26026,"minecraft:crouch_one_cm":239,"minecraft:play_time":26837,"minecraft:deaths":1,"minecraft:sneak_time":77,"minecraft:walk_under_water_one_cm":5786,"minecraft:jump":444,"minecraft:leave_game":2,"minecraft:time_since_death":9761,"minecraft:walk_on_water_one_cm":18677,"minecraft:total_world_time":26837,"minecraft:fall_one_cm":7756},"minecraft:crafted":{"minecraft:wooden_sword":1,"minecraft:oak_planks":40,"minecraft:charcoal":1,"minecraft:crafting_table":3,"minecraft:spruce_planks":16,"minecraft:stick":12,"minecraft:wooden_axe":2,"minecraft:wooden_pickaxe":1,"minecraft:furnace":1,"minecraft:cooked_salmon":3},"minecraft:killed":{"minecraft:pig":2,"minecraft:salmon":3},"minecraft:mined":{"minecraft:tall_seagrass":1,"minecraft:spruce_log":29,"minecraft:crafting_table":4,"minecraft:grass_block":1,"minecraft:oak_log":18,"minecraft:spruce_leaves":3,"minecraft:stone":12,"minecraft:fern":2},"minecraft:used":{"minecraft:wooden_axe":37,"minecraft:wooden_pickaxe":12,"minecraft:cooked_salmon":3,"minecraft:wooden_sword":14,"minecraft:sweet_berries":2,"minecraft:crafting_table":5,"minecraft:furnace":1}},"DataVersion":3955}