{"stats":{"minecraft:used":{"minecraft:stone_sword":32,"minecraft:birch_planks":25,"minecraft:stone_pickaxe":156,"minecraft:oak_planks":60,"minecraft:chest":2,"minecraft:wooden_pickaxe":11,"minecraft:torch":18,"minecraft:dirt":47,"minecraft:oak_slab":9,"minecraft:crafting_table":4,"minecraft:campfire":1,"minecraft:snowball":5,"minecraft:birch_door":2,"minecraft:oak_pressure_plate":2,"minecraft:stone_axe":26,"minecraft:cobblestone":19,"minecraft:furnace":1,"minecraft:cooked_beef":3},"minecraft:picked_up":{"minecraft:birch_log":10,"minecraft:crafting_table":3,"minecraft:cooked_beef":6,"minecraft:leather":4,"minecraft:birch_planks":4,"minecraft:oak_log":30,"minecraft:dirt":52,"minecraft:apple":1,"minecraft:beef":6,"minecraft:chest":2,"minecraft:oak_planks":4,"minecraft:oak_slab":2,"minecraft:stick":2,"minecraft:raw_iron":15,"minecraft:cooked_porkchop":2,"minecraft:torch":12,"minecraft:gravel":3,"minecraft:porkchop":3,"minecraft:rotten_flesh":5,"minecraft:granite":4,"minecraft:oak_sapling":5,"minecraft:coal":64,"minecraft:snowball":21,"minecraft:cobblestone":46},"minecraft:broken":{"minecraft:stone_pickaxe":1},"minecraft:mined":{"minecraft:oak_slab":2,"minecraft:crafting_table":3,"minecraft:torch":1,"minecraft:granite":5,"minecraft:short_grass":1,"minecraft:grass_block":19,"minecraft:chest":2,"minecraft:cobblestone":1,"minecraft:oak_planks":4,"minecraft:wall_torch":10,"minecraft:spawner":1,"minecraft:birch_planks":4,"minecraft:birch_log":10,"minecraft:iron_ore":15,"minecraft:birch_leaves":2,"minecraft:oak_log":30,"minecraft:coal_ore":65,"minecraft:gravel":3,"minecraft:dirt":16,"minecraft:stone":39,"minecraft:oak_leaves":8},"minecraft:killed":{"minecraft:pig":2,"minecraft:zombie":2,"minecraft:cow":3},"minecraft:custom":{"minecraft:interact_with_furnace":5,"minecraft:mob_kills":7,"minecraft:interact_with_crafting_table":14,"minecraft:interact_with_campfire":9,"minecraft:leave_game":7,"minecraft:time_since_death":57329,"minecraft:time_since_rest":57375,"minecraft:sprint_one_cm":41822,"minecraft:damage_taken":1213,"minecraft:walk_one_cm":122893,"minecraft:damage_dealt":1101,"minecraft:fly_one_cm":7143,"minecraft:open_chest":7,"minecraft:play_time":58837,"minecraft:deaths":1,"minecraft:walk_under_water_one_cm":228,"minecraft:jump":472,"minecraft:walk_on_water_one_cm":1134,"minecraft:total_world_time":58837,"minecraft:fall_one_cm":17716},"minecraft:crafted":{"minecraft:oak_planks":88,"minecraft:oak_slab":36,"minecraft:crafting_table":2,"minecraft:oak_pressure_plate":2,"minecraft:wooden_pickaxe":1,"minecraft:furnace":1,"minecraft:birch_planks":40,"minecraft:campfire":1,"minecraft:stone_axe":2,"minecraft:white_wool":1,"minecraft:stick":20,"minecraft:iron_ingot":15,"minecraft:stone_pickaxe":3,"minecraft:stone_sword":2,"minecraft:birch_door":3,"minecraft:torch":12}},"DataVersion":3955}