{"stats":{"minecraft:picked_up":{"minecraft:crafting_table":9,"minecraft:cooked_beef":3,"minecraft:chicken":1,"minecraft:salmon":3,"minecraft:leather":2,"minecraft:oak_log":18,"minecraft:gunpowder":1,"minecraft:red_bed":3,"minecraft:dirt":6,"minecraft:wheat_seeds":1,"minecraft:cobbled_deepslate":8,"minecraft:iron_ingot":6,"minecraft:beef":3,"minecraft:sugar_cane":11,"minecraft:furnace":1,"minecraft:stick":24,"minecraft:cooked_porkchop":5,"minecraft:sweet_berries":30,"minecraft:torch":1,"minecraft:dandelion":1,"minecraft:porkchop":8,"minecraft:spruce_sapling":3,"minecraft:white_bed":1,"minecraft:spruce_log":110,"minecraft:baked_potato":3,"minecraft:oak_sapling":1,"minecraft:mutton":2,"minecraft:coal":7,"minecraft:white_wool":1,"minecraft:cobblestone":26},"minecraft:dropped":{"minecraft:red_bed":1,"minecraft:spruce_log":14,"minecraft:white_wool":1},"minecraft:custom":{"minecraft:interact_with_furnace":21,"minecraft:mob_kills":10,"minecraft:interact_with_crafting_table":19,"minecraft:leave_game":5,"minecraft:time_since_death":75796,"minecraft:sleep_in_bed":4,"minecraft:time_since_rest":9609,"minecraft:sprint_one_cm":599327,"minecraft:damage_taken":538,"minecraft:walk_one_cm":296931,"minecraft:drop":3,"minecraft:damage_dealt":786,"minecraft:talked_to_villager":3,"minecraft:swim_one_cm":79741,"minecraft:fly_one_cm":147588,"minecraft:open_chest":12,"minecraft:crouch_one_cm":2783,"minecraft:play_time":92872,"minecraft:deaths":1,"minecraft:sneak_time":1079,"minecraft:walk_under_water_one_cm":19549,"minecraft:boat_one_cm":150227,"minecraft:jump":1487,"minecraft:walk_on_water_one_cm":47905,"minecraft:total_world_time":92872,"minecraft:fall_one_cm":22788},"minecraft:crafted":{"minecraft:wooden_sword":1,"minecraft:oak_planks":40,"minecraft:cooked_porkchop":6,"minecraft:crafting_table":4,"minecraft:spruce_planks":44,"minecraft:wooden_pickaxe":2,"minecraft:iron_sword":1,"minecraft:furnace":2,"minecraft:cooked_salmon":3,"minecraft:iron_boots":1,"minecraft:charcoal":2,"minecraft:shield":1,"minecraft:iron_axe":1,"minecraft:stick":20,"minecraft:iron_ingot":5,"minecraft:wooden_axe":2,"minecraft:chest":1,"minecraft:torch":20},"minecraft:killed":{"minecraft:pig":4,"minecraft:salmon":3,"minecraft:sheep":1,"minecraft:chicken":1,"minecraft:cow":1},"minecraft:mined":{"minecraft:red_bed":1,"minecraft:crafting_table":8,"minecraft:torch":1,"minecraft:grass_block":5,"minecraft:spruce_leaves":49,"minecraft:sugar_cane":1,"minecraft:tall_seagrass":1,"minecraft:furnace":1,"minecraft:spruce_log":112,"minecraft:oak_log":18,"minecraft:coal_ore":6,"minecraft:dirt":1,"minecraft:stone":23,"minecraft:deepslate":8,"minecraft:fern":2},"minecraft:used":{"minecraft:baked_potato":3,"minecraft:chest":1,"minecraft:wooden_pickaxe":43,"minecraft:iron_sword":15,"minecraft:cooked_salmon":3,"minecraft:torch":4,"minecraft:dirt":1,"minecraft:crafting_table":12,"minecraft:red_bed":2,"minecraft:white_bed":1,"minecraft:wooden_axe":37,"minecraft:iron_axe":115,"minecraft:iron_boots":1,"minecraft:spruce_sapling":1,"minecraft:wooden_sword":26,"minecraft:cobblestone":3,"minecraft:sweet_berries":6,"minecraft:furnace":3,"minecraft:cooked_porkchop":6,"minecraft:cooked_beef":2,"minecraft:cobbled_deepslate":1}},"DataVersion":3955}