{"stats":{"minecraft:custom":{"minecraft:jump":49,"minecraft:time_since_rest":1004,"minecraft:leave_game":1,"minecraft:walk_on_water_one_cm":1341,"minecraft:crouch_one_cm":584,"minecraft:deaths":1,"minecraft:sprint_one_cm":4263,"minecraft:play_time":1582,"minecraft:damage_taken":809,"minecraft:time_since_death":979,"minecraft:walk_one_cm":3363,"minecraft:sneak_time":192,"minecraft:total_world_time":1582,"minecraft:walk_under_water_one_cm":1276,"minecraft:fall_one_cm":7702,"minecraft:fly_one_cm":8757}},"DataVersion":3955}