{"stats":{"minecraft:picked_up":{"minecraft:stick":1,"minecraft:crafting_table":1,"minecraft:cactus":2,"minecraft:torch":1,"minecraft:oak_log":38,"minecraft:sugar_cane":30},"minecraft:mined":{"minecraft:short_grass":1,"minecraft:cactus":2,"minecraft:oak_log":39,"minecraft:coarse_dirt":1,"minecraft:sugar_cane":13,"minecraft:oak_leaves":9,"minecraft:crafting_table":1,"minecraft:torch":1},"minecraft:killed":{"minecraft:cave_spider":1},"minecraft:crafted":{"minecraft:oak_planks":44,"minecraft:crafting_table":1,"minecraft:stick":4,"minecraft:wooden_axe":1},"minecraft:used":{"minecraft:glow_berries":6,"minecraft:wooden_axe":32,"minecraft:crafting_table":1,"minecraft:cactus":1,"minecraft:oak_log":4,"minecraft:golden_apple":1,"minecraft:torch":4},"minecraft:custom":{"minecraft:time_since_rest":22328,"minecraft:damage_taken":325,"minecraft:crouch_one_cm":52,"minecraft:play_time":22328,"minecraft:sprint_one_cm":21596,"minecraft:walk_one_cm":87276,"minecraft:sneak_time":25,"minecraft:walk_under_water_one_cm":83,"minecraft:mob_kills":1,"minecraft:jump":387,"minecraft:damage_dealt":418,"minecraft:leave_game":5,"minecraft:walk_on_water_one_cm":2833,"minecraft:time_since_death":22328,"minecraft:damage_absorbed":40,"minecraft:total_world_time":22328,"minecraft:interact_with_crafting_table":1,"minecraft:swim_one_cm":1383,"minecraft:fall_one_cm":7555,"minecraft:fly_one_cm":34417}},"DataVersion":3955}