{"stats":{"minecraft:mined":{"minecraft:sugar_cane":13},"minecraft:picked_up":{"minecraft:sugar_cane":29},"minecraft:custom":{"minecraft:jump":121,"minecraft:time_since_rest":6744,"minecraft:crouch_one_cm":5,"minecraft:damage_dealt":263,"minecraft:walk_on_water_one_cm":330,"minecraft:play_time":6744,"minecraft:leave_game":3,"minecraft:sprint_one_cm":11232,"minecraft:damage_taken":115,"minecraft:time_since_death":6744,"minecraft:walk_one_cm":13254,"minecraft:sneak_time":16,"minecraft:total_world_time":6744,"minecraft:walk_under_water_one_cm":83,"minecraft:swim_one_cm":1383,"minecraft:fall_one_cm":3344,"minecraft:fly_one_cm":21824}},"DataVersion":3955}