{"stats":{"minecraft:mined":{"minecraft:coarse_dirt":1,"minecraft:cactus":2,"minecraft:oak_log":31,"minecraft:sugar_cane":13,"minecraft:oak_leaves":5,"minecraft:crafting_table":1},"minecraft:picked_up":{"minecraft:crafting_table":1,"minecraft:cactus":2,"minecraft:oak_log":30,"minecraft:sugar_cane":30},"minecraft:crafted":{"minecraft:oak_planks":44,"minecraft:crafting_table":1,"minecraft:stick":4,"minecraft:wooden_axe":1},"minecraft:custom":{"minecraft:time_since_rest":16359,"minecraft:crouch_one_cm":52,"minecraft:play_time":16359,"minecraft:sprint_one_cm":16745,"minecraft:damage_taken":115,"minecraft:walk_one_cm":41077,"minecraft:sneak_time":25,"minecraft:walk_under_water_one_cm":83,"minecraft:jump":294,"minecraft:damage_dealt":273,"minecraft:leave_game":5,"minecraft:walk_on_water_one_cm":2833,"minecraft:time_since_death":16359,"minecraft:total_world_time":16359,"minecraft:swim_one_cm":1383,"minecraft:interact_with_crafting_table":1,"minecraft:fall_one_cm":5703,"minecraft:fly_one_cm":34073},"minecraft:used":{"minecraft:wooden_axe":23,"minecraft:crafting_table":1,"minecraft:cactus":1}},"DataVersion":3955}