{"stats":{"minecraft:picked_up":{"minecraft:charcoal":1,"minecraft:crafting_table":7,"minecraft:iron_chestplate":3,"minecraft:wheat":10,"minecraft:azure_bluet":1,"minecraft:chicken":2,"minecraft:wooden_pickaxe":1,"minecraft:shield":3,"minecraft:red_bed":12,"minecraft:string":6,"minecraft:raw_copper":3,"minecraft:iron_axe":8,"minecraft:cobbled_deepslate":245,"minecraft:spruce_planks":59,"minecraft:beef":3,"minecraft:oak_boat":1,"minecraft:iron_pickaxe":4,"minecraft:poppy":5,"minecraft:light_gray_wool":1,"minecraft:spruce_slab":39,"minecraft:lectern":478,"minecraft:sugar_cane":24,"minecraft:chest":1,"minecraft:birch_sapling":1,"minecraft:spruce_trapdoor":1,"minecraft:diamond_hoe":4,"minecraft:iron_boots":3,"minecraft:furnace":3,"minecraft:stick":21,"minecraft:raw_iron":84,"minecraft:composter":1,"minecraft:torch":57,"minecraft:spruce_fence":4,"minecraft:porkchop":25,"minecraft:diorite":17,"minecraft:carrot":8,"minecraft:redstone":16,"minecraft:cauldron":2,"minecraft:stone_sword":1,"minecraft:arrow":85,"minecraft:rotten_flesh":56,"minecraft:mutton":11,"minecraft:snowball":45,"minecraft:white_wool":7,"minecraft:cobblestone":187,"minecraft:oxeye_daisy":1,"minecraft:feather":12,"minecraft:cooked_beef":6,"minecraft:glow_ink_sac":1,"minecraft:water_bucket":3,"minecraft:andesite":19,"minecraft:potato":150,"minecraft:flint":8,"minecraft:tuff":32,"minecraft:stripped_spruce_wood":72,"minecraft:oak_log":54,"minecraft:gunpowder":2,"minecraft:lapis_lazuli":5,"minecraft:dirt":255,"minecraft:blue_bed":9,"minecraft:lantern":8,"minecraft:cooked_mutton":12,"minecraft:bone":37,"minecraft:apple":2,"minecraft:bow":4,"minecraft:wheat_seeds":36,"minecraft:raw_gold":13,"minecraft:bell":1,"minecraft:rabbit_hide":1,"minecraft:iron_ingot":9,"minecraft:stone_pickaxe":1,"minecraft:cooked_chicken":7,"minecraft:fletching_table":15,"minecraft:rabbit":1,"minecraft:iron_sword":3,"minecraft:book":35,"minecraft:diorite_wall":2,"minecraft:cooked_porkchop":32,"minecraft:birch_boat":1,"minecraft:sweet_berries":117,"minecraft:dandelion":1,"minecraft:poisonous_potato":1,"minecraft:gravel":139,"minecraft:stripped_spruce_log":26,"minecraft:spruce_sapling":29,"minecraft:spruce_log":413,"minecraft:white_bed":16,"minecraft:grass_block":1,"minecraft:spider_eye":5,"minecraft:spruce_door":1,"minecraft:spruce_fence_gate":2,"minecraft:slime_ball":23,"minecraft:diamond":46,"minecraft:spruce_boat":18,"minecraft:stone_axe":3,"minecraft:iron_helmet":3,"minecraft:granite":30,"minecraft:emerald":37,"minecraft:baked_potato":11,"minecraft:oak_sapling":2,"minecraft:coal":89,"minecraft:ender_pearl":2},"minecraft:dropped":{"minecraft:bread":1,"minecraft:iron_ingot":59,"minecraft:iron_sword":1,"minecraft:porkchop":1,"minecraft:wheat_seeds":2,"minecraft:cooked_beef":6,"minecraft:baked_potato":31,"minecraft:glow_ink_sac":1,"minecraft:cooked_porkchop":13,"minecraft:poisonous_potato":1,"minecraft:cobblestone":7,"minecraft:grass_block":1,"minecraft:coal":1,"minecraft:stick":18,"minecraft:dirt":15,"minecraft:rabbit":1,"minecraft:wooden_axe":1,"minecraft:cooked_cod":2,"minecraft:iron_axe":2,"minecraft:white_wool":3,"minecraft:dandelion":1,"minecraft:sweet_berries":24,"minecraft:cobbled_deepslate":29,"minecraft:birch_sapling":1,"minecraft:raw_iron":2,"minecraft:azure_bluet":1,"minecraft:filled_map":1,"minecraft:poppy":3,"minecraft:rabbit_hide":1,"minecraft:potato":27,"minecraft:gunpowder":1,"minecraft:spruce_planks":59,"minecraft:oak_sapling":1,"minecraft:spider_eye":1,"minecraft:spruce_log":14,"minecraft:arrow":1},"minecraft:custom":{"minecraft:interact_with_smithing_table":1,"minecraft:mob_kills":146,"minecraft:interact_with_anvil":1,"minecraft:interact_with_crafting_table":90,"minecraft:bell_ring":75,"minecraft:leave_game":11,"minecraft:time_since_death":90989,"minecraft:sprint_one_cm":744522,"minecraft:walk_one_cm":2133328,"minecraft:damage_blocked_by_shield":1414,"minecraft:drop":78,"minecraft:talked_to_villager":383,"minecraft:play_time":481909,"minecraft:deaths":14,"minecraft:sneak_time":45411,"minecraft:walk_under_water_one_cm":80969,"minecraft:boat_one_cm":367333,"minecraft:jump":8106,"minecraft:walk_on_water_one_cm":150310,"minecraft:total_world_time":481909,"minecraft:interact_with_furnace":70,"minecraft:traded_with_villager":120,"minecraft:interact_with_grindstone":1,"minecraft:sleep_in_bed":24,"minecraft:time_since_rest":91014,"minecraft:damage_absorbed":40,"minecraft:damage_taken":11033,"minecraft:damage_dealt":24644,"minecraft:swim_one_cm":16496,"minecraft:fly_one_cm":1220460,"minecraft:player_kills":10,"minecraft:open_chest":165,"minecraft:crouch_one_cm":164688,"minecraft:fall_one_cm":184435},"minecraft:broken":{"minecraft:iron_shovel":1,"minecraft:stone_sword":1,"minecraft:stone_pickaxe":1,"minecraft:iron_axe":4,"minecraft:iron_sword":1,"minecraft:iron_pickaxe":2,"minecraft:diamond_hoe":1},"minecraft:crafted":{"minecraft:oak_planks":216,"minecraft:diamond_hoe":1,"minecraft:furnace":2,"minecraft:bone_meal":9,"minecraft:bookshelf":4,"minecraft:cooked_mutton":1,"minecraft:diamond_leggings":1,"minecraft:bow":1,"minecraft:iron_boots":1,"minecraft:iron_axe":6,"minecraft:spruce_slab":174,"minecraft:chest":5,"minecraft:spruce_boat":2,"minecraft:arrow":192,"minecraft:emerald":101,"minecraft:cooked_porkchop":17,"minecraft:crafting_table":4,"minecraft:spruce_planks":2044,"minecraft:baked_potato":66,"minecraft:iron_helmet":1,"minecraft:iron_sword":1,"minecraft:fletching_table":4,"minecraft:bucket":1,"minecraft:stone_axe":1,"minecraft:enchanted_book":3,"minecraft:bread":2,"minecraft:air":0,"minecraft:oak_boat":1,"minecraft:spruce_trapdoor":10,"minecraft:lectern":4,"minecraft:diamond_pickaxe":1,"minecraft:iron_chestplate":1,"minecraft:shield":1,"minecraft:stick":3296,"minecraft:iron_pickaxe":3,"minecraft:iron_ingot":77,"minecraft:wooden_axe":2,"minecraft:iron_shovel":2,"minecraft:iron_leggings":1,"minecraft:white_bed":1,"minecraft:spruce_fence_gate":2,"minecraft:torch":124,"minecraft:diamond_chestplate":1},"minecraft:killed_by":{"minecraft:player":1,"minecraft:creeper":1,"minecraft:warden":4,"minecraft:zombie":3},"minecraft:killed":{"minecraft:spider":8,"minecraft:slime":34,"minecraft:skeleton":19,"minecraft:chicken":2,"minecraft:warden":1,"minecraft:pig":13,"minecraft:zombie_villager":3,"minecraft:iron_golem":2,"minecraft:bat":1,"minecraft:creeper":1,"minecraft:sheep":7,"minecraft:zombie":47,"minecraft:enderman":1,"minecraft:cow":1},"minecraft:mined":{"minecraft:tuff":55,"minecraft:spruce_planks":32,"minecraft:white_bed":7,"minecraft:deepslate_diamond_ore":43,"minecraft:sculk_vein":152,"minecraft:spruce_trapdoor":1,"minecraft:granite":30,"minecraft:grass_block":52,"minecraft:spruce_fence":4,"minecraft:spruce_leaves":51,"minecraft:composter":1,"minecraft:oxeye_daisy":1,"minecraft:large_fern":7,"minecraft:spruce_sapling":11,"minecraft:sculk_catalyst":8,"minecraft:furnace":3,"minecraft:carrots":2,"minecraft:iron_ore":72,"minecraft:cobbled_deepslate":38,"minecraft:snow":7,"minecraft:andesite":19,"minecraft:stripped_spruce_log":26,"minecraft:deepslate_lapis_ore":1,"minecraft:fletching_table":15,"minecraft:azure_bluet":1,"minecraft:sculk_shrieker":2,"minecraft:dirt_path":68,"minecraft:potatoes":40,"minecraft:water_cauldron":2,"minecraft:deepslate_iron_ore":10,"minecraft:lantern":7,"minecraft:packed_ice":31,"minecraft:stone":124,"minecraft:spruce_slab":37,"minecraft:deepslate_redstone_ore":3,"minecraft:red_bed":9,"minecraft:snow_block":4,"minecraft:crafting_table":9,"minecraft:torch":1,"minecraft:short_grass":15,"minecraft:chest":1,"minecraft:sculk_sensor":33,"minecraft:lectern":478,"minecraft:cobblestone":15,"minecraft:tall_grass":2,"minecraft:copper_ore":1,"minecraft:deepslate_gold_ore":8,"minecraft:sugar_cane":10,"minecraft:sculk":1899,"minecraft:diorite":17,"minecraft:wall_torch":6,"minecraft:stripped_spruce_wood":73,"minecraft:wheat":11,"minecraft:sweet_berry_bush":44,"minecraft:ice":3,"minecraft:spruce_log":53,"minecraft:birch_leaves":1,"minecraft:oak_log":54,"minecraft:coal_ore":53,"minecraft:diorite_wall":2,"minecraft:gravel":161,"minecraft:dirt":82,"minecraft:spruce_fence_gate":2,"minecraft:gold_ore":5,"minecraft:oak_leaves":32,"minecraft:deepslate":219,"minecraft:fern":5},"minecraft:used":{"minecraft:stone_sword":15,"minecraft:iron_shovel":312,"minecraft:spruce_slab":190,"minecraft:diamond_hoe":2061,"minecraft:chest":6,"minecraft:spruce_planks":143,"minecraft:shield":39,"minecraft:iron_sword":193,"minecraft:bell":1,"minecraft:cooked_chicken":10,"minecraft:cooked_salmon":3,"minecraft:rotten_flesh":23,"minecraft:iron_chestplate":4,"minecraft:torch":166,"minecraft:dirt":173,"minecraft:carrot":4,"minecraft:spruce_fence":2,"minecraft:tuff":1,"minecraft:snowball":9,"minecraft:spruce_boat":17,"minecraft:wooden_axe":69,"minecraft:lantern":8,"minecraft:iron_axe":830,"minecraft:iron_helmet":2,"minecraft:diorite_wall":2,"minecraft:bow":106,"minecraft:sweet_berries":47,"minecraft:furnace":5,"minecraft:potato":51,"minecraft:cobbled_deepslate":130,"minecraft:iron_leggings":1,"minecraft:wheat_seeds":2,"minecraft:cooked_mutton":6,"minecraft:water_bucket":21,"minecraft:spruce_door":1,"minecraft:stone_pickaxe":77,"minecraft:baked_potato":48,"minecraft:spruce_fence_gate":4,"minecraft:fletching_table":19,"minecraft:blue_bed":9,"minecraft:golden_apple":1,"minecraft:crafting_table":8,"minecraft:red_bed":12,"minecraft:spider_eye":1,"minecraft:white_bed":16,"minecraft:spruce_log":1,"minecraft:bread":2,"minecraft:iron_pickaxe":665,"minecraft:lectern":482,"minecraft:spruce_trapdoor":10,"minecraft:spruce_sapling":26,"minecraft:gravel":119,"minecraft:stone_axe":71,"minecraft:cobblestone":101,"minecraft:cooked_porkchop":18,"minecraft:bucket":24,"minecraft:oak_boat":2,"minecraft:diamond_leggings":1,"minecraft:sculk_catalyst":3,"minecraft:bone_meal":9}},"DataVersion":3955}