{"stats":{"minecraft:picked_up":{"minecraft:charcoal":1,"minecraft:crafting_table":5,"minecraft:wheat":10,"minecraft:chicken":2,"minecraft:wooden_pickaxe":1,"minecraft:red_bed":12,"minecraft:string":5,"minecraft:iron_axe":1,"minecraft:raw_copper":3,"minecraft:cobbled_deepslate":119,"minecraft:spruce_planks":51,"minecraft:beef":3,"minecraft:oak_boat":1,"minecraft:light_gray_wool":1,"minecraft:poppy":5,"minecraft:spruce_slab":39,"minecraft:lectern":478,"minecraft:sugar_cane":4,"minecraft:birch_sapling":1,"minecraft:spruce_trapdoor":1,"minecraft:furnace":3,"minecraft:stick":9,"minecraft:raw_iron":76,"minecraft:composter":1,"minecraft:torch":9,"minecraft:spruce_fence":4,"minecraft:porkchop":13,"minecraft:diorite":17,"minecraft:carrot":8,"minecraft:redstone":1,"minecraft:cauldron":2,"minecraft:stone_sword":1,"minecraft:arrow":5,"minecraft:rotten_flesh":29,"minecraft:mutton":11,"minecraft:snowball":45,"minecraft:white_wool":7,"minecraft:cobblestone":133,"minecraft:feather":2,"minecraft:glow_ink_sac":1,"minecraft:andesite":19,"minecraft:potato":150,"minecraft:flint":8,"minecraft:tuff":31,"minecraft:stripped_spruce_wood":72,"minecraft:oak_log":54,"minecraft:gunpowder":2,"minecraft:dirt":254,"minecraft:blue_bed":9,"minecraft:lapis_lazuli":5,"minecraft:lantern":8,"minecraft:bone":8,"minecraft:apple":2,"minecraft:wheat_seeds":30,"minecraft:raw_gold":13,"minecraft:rabbit_hide":1,"minecraft:bell":1,"minecraft:iron_ingot":9,"minecraft:stone_pickaxe":1,"minecraft:fletching_table":15,"minecraft:rabbit":1,"minecraft:book":35,"minecraft:diorite_wall":2,"minecraft:birch_boat":1,"minecraft:sweet_berries":74,"minecraft:dandelion":1,"minecraft:poisonous_potato":1,"minecraft:gravel":139,"minecraft:stripped_spruce_log":26,"minecraft:spruce_sapling":29,"minecraft:white_bed":12,"minecraft:spruce_log":413,"minecraft:spruce_door":1,"minecraft:spider_eye":4,"minecraft:spruce_fence_gate":2,"minecraft:slime_ball":10,"minecraft:diamond":12,"minecraft:spruce_boat":11,"minecraft:granite":30,"minecraft:emerald":37,"minecraft:baked_potato":3,"minecraft:oak_sapling":2,"minecraft:coal":43},"minecraft:dropped":{"minecraft:iron_ingot":59,"minecraft:bread":1,"minecraft:porkchop":1,"minecraft:wheat_seeds":1,"minecraft:glow_ink_sac":1,"minecraft:baked_potato":28,"minecraft:cooked_porkchop":3,"minecraft:poisonous_potato":1,"minecraft:cobblestone":7,"minecraft:stick":18,"minecraft:dirt":14,"minecraft:wooden_axe":1,"minecraft:rabbit":1,"minecraft:cooked_cod":2,"minecraft:iron_axe":1,"minecraft:white_wool":3,"minecraft:dandelion":1,"minecraft:raw_iron":2,"minecraft:birch_sapling":1,"minecraft:filled_map":1,"minecraft:poppy":3,"minecraft:rabbit_hide":1,"minecraft:potato":27,"minecraft:gunpowder":1,"minecraft:spruce_planks":59,"minecraft:oak_sapling":1,"minecraft:spruce_log":14,"minecraft:arrow":1},"minecraft:custom":{"minecraft:interact_with_smithing_table":1,"minecraft:interact_with_anvil":1,"minecraft:mob_kills":77,"minecraft:interact_with_crafting_table":79,"minecraft:bell_ring":75,"minecraft:leave_game":6,"minecraft:time_since_death":296090,"minecraft:sprint_one_cm":448756,"minecraft:walk_one_cm":1711555,"minecraft:damage_blocked_by_shield":292,"minecraft:drop":60,"minecraft:talked_to_villager":383,"minecraft:play_time":336146,"minecraft:deaths":10,"minecraft:sneak_time":8409,"minecraft:walk_under_water_one_cm":30282,"minecraft:boat_one_cm":302224,"minecraft:jump":5079,"minecraft:walk_on_water_one_cm":36691,"minecraft:total_world_time":336146,"minecraft:interact_with_furnace":68,"minecraft:traded_with_villager":120,"minecraft:interact_with_grindstone":1,"minecraft:sleep_in_bed":23,"minecraft:time_since_rest":12991,"minecraft:damage_taken":6429,"minecraft:damage_dealt":12193,"minecraft:player_kills":9,"minecraft:swim_one_cm":3228,"minecraft:fly_one_cm":761133,"minecraft:open_chest":131,"minecraft:crouch_one_cm":27898,"minecraft:fall_one_cm":123579},"minecraft:broken":{"minecraft:iron_shovel":1,"minecraft:stone_sword":1,"minecraft:stone_pickaxe":1,"minecraft:iron_axe":3},"minecraft:crafted":{"minecraft:oak_planks":216,"minecraft:furnace":2,"minecraft:bone_meal":9,"minecraft:bookshelf":4,"minecraft:bow":1,"minecraft:iron_boots":1,"minecraft:iron_axe":6,"minecraft:spruce_slab":174,"minecraft:chest":5,"minecraft:spruce_boat":2,"minecraft:arrow":192,"minecraft:emerald":101,"minecraft:cooked_porkchop":11,"minecraft:crafting_table":4,"minecraft:spruce_planks":2044,"minecraft:baked_potato":66,"minecraft:iron_helmet":1,"minecraft:iron_sword":1,"minecraft:fletching_table":4,"minecraft:bucket":1,"minecraft:stone_axe":1,"minecraft:enchanted_book":3,"minecraft:bread":2,"minecraft:air":0,"minecraft:oak_boat":1,"minecraft:spruce_trapdoor":10,"minecraft:lectern":4,"minecraft:iron_chestplate":1,"minecraft:shield":1,"minecraft:stick":3284,"minecraft:iron_ingot":77,"minecraft:iron_pickaxe":3,"minecraft:wooden_axe":2,"minecraft:iron_shovel":2,"minecraft:iron_leggings":1,"minecraft:white_bed":1,"minecraft:spruce_fence_gate":2,"minecraft:torch":124},"minecraft:killed_by":{"minecraft:player":1,"minecraft:creeper":1,"minecraft:zombie":3},"minecraft:killed":{"minecraft:spider":8,"minecraft:slime":20,"minecraft:skeleton":4,"minecraft:chicken":2,"minecraft:pig":6,"minecraft:zombie_villager":1,"minecraft:iron_golem":2,"minecraft:creeper":1,"minecraft:sheep":7,"minecraft:zombie":23,"minecraft:cow":1},"minecraft:mined":{"minecraft:tuff":54,"minecraft:spruce_planks":24,"minecraft:white_bed":4,"minecraft:deepslate_diamond_ore":12,"minecraft:spruce_trapdoor":1,"minecraft:granite":30,"minecraft:grass_block":52,"minecraft:spruce_fence":4,"minecraft:spruce_leaves":51,"minecraft:composter":1,"minecraft:large_fern":6,"minecraft:spruce_sapling":11,"minecraft:furnace":3,"minecraft:carrots":2,"minecraft:iron_ore":72,"minecraft:snow":7,"minecraft:andesite":19,"minecraft:stripped_spruce_log":26,"minecraft:deepslate_lapis_ore":1,"minecraft:fletching_table":15,"minecraft:water_cauldron":2,"minecraft:potatoes":40,"minecraft:dirt_path":68,"minecraft:deepslate_iron_ore":2,"minecraft:lantern":7,"minecraft:packed_ice":28,"minecraft:stone":124,"minecraft:spruce_slab":37,"minecraft:red_bed":9,"minecraft:snow_block":4,"minecraft:crafting_table":8,"minecraft:torch":1,"minecraft:short_grass":7,"minecraft:lectern":478,"minecraft:cobblestone":15,"minecraft:copper_ore":1,"minecraft:deepslate_gold_ore":8,"minecraft:diorite":17,"minecraft:wall_torch":5,"minecraft:stripped_spruce_wood":73,"minecraft:wheat":11,"minecraft:sweet_berry_bush":25,"minecraft:ice":3,"minecraft:spruce_log":53,"minecraft:birch_leaves":1,"minecraft:oak_log":54,"minecraft:coal_ore":43,"minecraft:diorite_wall":2,"minecraft:gravel":161,"minecraft:dirt":81,"minecraft:spruce_fence_gate":2,"minecraft:gold_ore":5,"minecraft:oak_leaves":32,"minecraft:deepslate":145,"minecraft:fern":2},"minecraft:used":{"minecraft:stone_sword":15,"minecraft:iron_shovel":312,"minecraft:spruce_slab":190,"minecraft:chest":5,"minecraft:spruce_planks":143,"minecraft:shield":9,"minecraft:iron_sword":54,"minecraft:bell":1,"minecraft:cooked_salmon":3,"minecraft:rotten_flesh":10,"minecraft:iron_chestplate":3,"minecraft:torch":108,"minecraft:dirt":173,"minecraft:carrot":4,"minecraft:spruce_fence":2,"minecraft:snowball":9,"minecraft:spruce_boat":11,"minecraft:wooden_axe":69,"minecraft:iron_axe":749,"minecraft:lantern":8,"minecraft:iron_helmet":1,"minecraft:diorite_wall":2,"minecraft:bow":3,"minecraft:sweet_berries":28,"minecraft:furnace":5,"minecraft:potato":51,"minecraft:cobbled_deepslate":1,"minecraft:iron_leggings":1,"minecraft:wheat_seeds":2,"minecraft:water_bucket":9,"minecraft:spruce_door":1,"minecraft:stone_pickaxe":77,"minecraft:baked_potato":28,"minecraft:fletching_table":19,"minecraft:blue_bed":9,"minecraft:spruce_fence_gate":4,"minecraft:crafting_table":8,"minecraft:red_bed":12,"minecraft:spider_eye":1,"minecraft:white_bed":12,"minecraft:spruce_log":1,"minecraft:bread":2,"minecraft:iron_pickaxe":490,"minecraft:lectern":482,"minecraft:spruce_trapdoor":10,"minecraft:spruce_sapling":26,"minecraft:gravel":119,"minecraft:stone_axe":71,"minecraft:cobblestone":94,"minecraft:cooked_porkchop":4,"minecraft:bucket":10,"minecraft:oak_boat":2,"minecraft:bone_meal":9}},"DataVersion":3955}