{"stats":{"minecraft:used":{"minecraft:iron_shovel":312,"minecraft:spruce_slab":190,"minecraft:diamond_hoe":3007,"minecraft:chest":6,"minecraft:shield":53,"minecraft:iron_sword":197,"minecraft:bell":1,"minecraft:rotten_flesh":49,"minecraft:iron_chestplate":4,"minecraft:mutton":5,"minecraft:carrot":4,"minecraft:tuff":1,"minecraft:snowball":9,"minecraft:spruce_boat":17,"minecraft:lantern":8,"minecraft:iron_helmet":2,"minecraft:diorite_wall":2,"minecraft:bow":120,"minecraft:sweet_berries":47,"minecraft:furnace":5,"minecraft:potato":51,"minecraft:spruce_door":1,"minecraft:stone_pickaxe":77,"minecraft:blue_bed":9,"minecraft:white_wool":4,"minecraft:golden_apple":1,"minecraft:bread":2,"minecraft:lectern":482,"minecraft:gravel":124,"minecraft:oak_boat":2,"minecraft:bone_meal":9,"minecraft:stone_sword":15,"minecraft:spruce_planks":143,"minecraft:cooked_salmon":3,"minecraft:cooked_chicken":10,"minecraft:torch":167,"minecraft:dirt":173,"minecraft:spruce_fence":2,"minecraft:wooden_axe":69,"minecraft:iron_axe":917,"minecraft:cobbled_deepslate":149,"minecraft:iron_leggings":1,"minecraft:wheat_seeds":2,"minecraft:cooked_mutton":8,"minecraft:water_bucket":47,"minecraft:baked_potato":48,"minecraft:fletching_table":19,"minecraft:spruce_fence_gate":4,"minecraft:crafting_table":8,"minecraft:red_bed":12,"minecraft:spider_eye":1,"minecraft:white_bed":16,"minecraft:spruce_log":1,"minecraft:diamond_pickaxe":74,"minecraft:iron_pickaxe":665,"minecraft:spruce_trapdoor":10,"minecraft:spruce_sapling":26,"minecraft:stone_axe":71,"minecraft:cobblestone":107,"minecraft:cooked_porkchop":18,"minecraft:bucket":49,"minecraft:sculk_catalyst":3,"minecraft:diamond_leggings":1},"minecraft:broken":{"minecraft:iron_shovel":1,"minecraft:stone_pickaxe":1,"minecraft:iron_sword":1,"minecraft:diamond_hoe":1,"minecraft:stone_sword":1,"minecraft:iron_axe":4,"minecraft:iron_pickaxe":2,"minecraft:iron_helmet":1},"minecraft:picked_up":{"minecraft:iron_chestplate":3,"minecraft:wheat":10,"minecraft:amethyst_block":8,"minecraft:string":21,"minecraft:raw_copper":3,"minecraft:diamond_leggings":1,"minecraft:cobbled_deepslate":270,"minecraft:bucket":2,"minecraft:spruce_planks":61,"minecraft:calcite":12,"minecraft:iron_pickaxe":4,"minecraft:iron_boots":5,"minecraft:furnace":3,"minecraft:stick":31,"minecraft:composter":1,"minecraft:torch":61,"minecraft:porkchop":33,"minecraft:diorite":17,"minecraft:cauldron":2,"minecraft:stone_sword":1,"minecraft:rotten_flesh":80,"minecraft:obsidian":5,"minecraft:snowball":45,"minecraft:cobblestone":193,"minecraft:feather":12,"minecraft:cooked_beef":6,"minecraft:water_bucket":3,"minecraft:andesite":19,"minecraft:potato":150,"minecraft:flint":8,"minecraft:tuff":32,"minecraft:stripped_spruce_wood":72,"minecraft:dirt":255,"minecraft:lapis_lazuli":5,"minecraft:lantern":8,"minecraft:bone":64,"minecraft:bow":7,"minecraft:wheat_seeds":38,"minecraft:raw_gold":13,"minecraft:bell":1,"minecraft:rabbit":1,"minecraft:fletching_table":15,"minecraft:diorite_wall":2,"minecraft:cooked_porkchop":32,"minecraft:poisonous_potato":1,"minecraft:stripped_spruce_log":26,"minecraft:grass_block":1,"minecraft:spruce_fence_gate":2,"minecraft:diamond":100,"minecraft:spruce_boat":19,"minecraft:granite":36,"minecraft:emerald":37,"minecraft:oak_sapling":2,"minecraft:charcoal":1,"minecraft:crafting_table":7,"minecraft:azure_bluet":3,"minecraft:chicken":2,"minecraft:wooden_pickaxe":1,"minecraft:shield":4,"minecraft:red_bed":12,"minecraft:iron_axe":10,"minecraft:beef":3,"minecraft:oak_boat":1,"minecraft:light_gray_wool":1,"minecraft:poppy":5,"minecraft:spruce_slab":39,"minecraft:lectern":478,"minecraft:sugar_cane":24,"minecraft:chest":3,"minecraft:birch_sapling":1,"minecraft:spruce_trapdoor":1,"minecraft:diamond_hoe":5,"minecraft:raw_iron":109,"minecraft:spruce_fence":4,"minecraft:carrot":8,"minecraft:redstone":52,"minecraft:arrow":103,"minecraft:diamond_chestplate":1,"minecraft:mutton":20,"minecraft:white_wool":13,"minecraft:oxeye_daisy":1,"minecraft:glow_ink_sac":1,"minecraft:oak_log":86,"minecraft:gunpowder":26,"minecraft:blue_bed":9,"minecraft:cooked_mutton":12,"minecraft:apple":2,"minecraft:rabbit_hide":1,"minecraft:iron_ingot":25,"minecraft:stone_pickaxe":1,"minecraft:cooked_chicken":7,"minecraft:iron_sword":4,"minecraft:book":35,"minecraft:smooth_basalt":6,"minecraft:birch_boat":1,"minecraft:sweet_berries":117,"minecraft:dandelion":1,"minecraft:gravel":144,"minecraft:amethyst_shard":16,"minecraft:spruce_sapling":34,"minecraft:white_bed":16,"minecraft:spruce_log":413,"minecraft:spruce_door":1,"minecraft:spider_eye":8,"minecraft:slime_ball":23,"minecraft:stone_axe":3,"minecraft:iron_helmet":3,"minecraft:baked_potato":11,"minecraft:coal":101,"minecraft:ender_pearl":2},"minecraft:mined":{"minecraft:spruce_planks":32,"minecraft:white_bed":7,"minecraft:sculk_vein":218,"minecraft:obsidian":5,"minecraft:spruce_trapdoor":1,"minecraft:granite":30,"minecraft:grass_block":52,"minecraft:composter":1,"minecraft:oxeye_daisy":1,"minecraft:sculk_catalyst":10,"minecraft:iron_ore":87,"minecraft:cobbled_deepslate":38,"minecraft:fletching_table":15,"minecraft:deepslate_lapis_ore":1,"minecraft:azure_bluet":1,"minecraft:sculk_shrieker":2,"minecraft:water_cauldron":2,"minecraft:dirt_path":68,"minecraft:spruce_slab":37,"minecraft:deepslate_redstone_ore":7,"minecraft:red_bed":9,"minecraft:amethyst_cluster":1,"minecraft:torch":1,"minecraft:calcite":1,"minecraft:chest":3,"minecraft:cobblestone":21,"minecraft:sugar_cane":10,"minecraft:wall_torch":6,"minecraft:amethyst_block":2,"minecraft:wheat":11,"minecraft:oak_log":70,"minecraft:diorite_wall":2,"minecraft:dirt":82,"minecraft:smooth_basalt":1,"minecraft:oak_leaves":32,"minecraft:deepslate":238,"minecraft:tuff":55,"minecraft:deepslate_diamond_ore":61,"minecraft:spruce_fence":4,"minecraft:spruce_leaves":51,"minecraft:large_fern":7,"minecraft:spruce_sapling":11,"minecraft:furnace":3,"minecraft:carrots":2,"minecraft:snow":7,"minecraft:andesite":19,"minecraft:stripped_spruce_log":26,"minecraft:potatoes":40,"minecraft:deepslate_iron_ore":10,"minecraft:lantern":7,"minecraft:packed_ice":31,"minecraft:stone":124,"minecraft:white_wool":1,"minecraft:snow_block":4,"minecraft:crafting_table":9,"minecraft:short_grass":16,"minecraft:sculk_sensor":34,"minecraft:lectern":478,"minecraft:copper_ore":1,"minecraft:tall_grass":2,"minecraft:deepslate_gold_ore":8,"minecraft:sculk":2778,"minecraft:diorite":17,"minecraft:stripped_spruce_wood":73,"minecraft:sweet_berry_bush":44,"minecraft:ice":3,"minecraft:spruce_log":53,"minecraft:birch_leaves":1,"minecraft:coal_ore":53,"minecraft:gravel":165,"minecraft:spruce_fence_gate":2,"minecraft:gold_ore":5,"minecraft:fern":5},"minecraft:killed":{"minecraft:spider":10,"minecraft:skeleton":27,"minecraft:chicken":2,"minecraft:silverfish":1,"minecraft:pig":15,"minecraft:zombie_villager":3,"minecraft:iron_golem":2,"minecraft:creeper":1,"minecraft:sheep":11,"minecraft:zombie":62,"minecraft:cow":1,"minecraft:slime":34,"minecraft:warden":1,"minecraft:bat":1,"minecraft:enderman":1},"minecraft:killed_by":{"minecraft:creeper":1,"minecraft:zombie":3,"minecraft:player":1,"minecraft:warden":4},"minecraft:dropped":{"minecraft:iron_sword":1,"minecraft:porkchop":1,"minecraft:cooked_beef":6,"minecraft:glow_ink_sac":1,"minecraft:baked_potato":31,"minecraft:cooked_porkchop":13,"minecraft:dirt":15,"minecraft:cooked_cod":2,"minecraft:white_wool":4,"minecraft:cobbled_deepslate":29,"minecraft:birch_sapling":1,"minecraft:azure_bluet":3,"minecraft:poppy":3,"minecraft:rabbit_hide":1,"minecraft:gunpowder":1,"minecraft:arrow":1,"minecraft:iron_ingot":60,"minecraft:bread":1,"minecraft:wheat_seeds":4,"minecraft:poisonous_potato":1,"minecraft:cobblestone":7,"minecraft:granite":2,"minecraft:grass_block":1,"minecraft:coal":1,"minecraft:stick":18,"minecraft:wooden_axe":1,"minecraft:rabbit":1,"minecraft:iron_axe":3,"minecraft:dandelion":1,"minecraft:smooth_basalt":4,"minecraft:sweet_berries":24,"minecraft:raw_iron":2,"minecraft:iron_boots":2,"minecraft:filled_map":1,"minecraft:potato":27,"minecraft:spruce_planks":61,"minecraft:oak_sapling":1,"minecraft:spider_eye":2,"minecraft:spruce_log":14,"minecraft:bow":1,"minecraft:calcite":8},"minecraft:custom":{"minecraft:interact_with_crafting_table":93,"minecraft:bell_ring":75,"minecraft:leave_game":14,"minecraft:time_since_death":18889,"minecraft:sprint_one_cm":807267,"minecraft:damage_blocked_by_shield":2037,"minecraft:drop":94,"minecraft:talked_to_villager":383,"minecraft:play_time":536353,"minecraft:deaths":15,"minecraft:jump":9551,"minecraft:walk_on_water_one_cm":182110,"minecraft:interact_with_furnace":99,"minecraft:traded_with_villager":120,"minecraft:sleep_in_bed":24,"minecraft:damage_dealt":29853,"minecraft:player_kills":10,"minecraft:crouch_one_cm":190896,"minecraft:interact_with_smithing_table":1,"minecraft:mob_kills":181,"minecraft:interact_with_anvil":1,"minecraft:walk_one_cm":2410111,"minecraft:sneak_time":51861,"minecraft:walk_under_water_one_cm":106081,"minecraft:boat_one_cm":367333,"minecraft:total_world_time":536353,"minecraft:interact_with_grindstone":1,"minecraft:time_since_rest":18922,"minecraft:damage_absorbed":40,"minecraft:damage_taken":11737,"minecraft:swim_one_cm":20932,"minecraft:fly_one_cm":1339744,"minecraft:open_chest":169,"minecraft:fall_one_cm":216175},"minecraft:crafted":{"minecraft:oak_planks":280,"minecraft:bookshelf":4,"minecraft:cooked_mutton":10,"minecraft:diamond_leggings":1,"minecraft:diamond_helmet":1,"minecraft:bow":1,"minecraft:iron_boots":1,"minecraft:chest":5,"minecraft:arrow":192,"minecraft:emerald":101,"minecraft:cooked_porkchop":19,"minecraft:crafting_table":4,"minecraft:spruce_planks":2044,"minecraft:baked_potato":66,"minecraft:iron_helmet":1,"minecraft:fletching_table":4,"minecraft:spruce_trapdoor":10,"minecraft:lectern":4,"minecraft:iron_chestplate":1,"minecraft:diamond_pickaxe":2,"minecraft:shield":1,"minecraft:stick":3300,"minecraft:iron_ingot":77,"minecraft:iron_pickaxe":3,"minecraft:spruce_fence_gate":2,"minecraft:diamond_hoe":1,"minecraft:furnace":2,"minecraft:bone_meal":9,"minecraft:iron_axe":6,"minecraft:spruce_slab":174,"minecraft:diamond_boots":1,"minecraft:spruce_boat":2,"minecraft:iron_sword":1,"minecraft:bucket":1,"minecraft:stone_axe":1,"minecraft:enchanted_book":3,"minecraft:bread":2,"minecraft:air":0,"minecraft:oak_boat":1,"minecraft:wooden_axe":2,"minecraft:iron_shovel":2,"minecraft:iron_leggings":1,"minecraft:white_bed":1,"minecraft:torch":124,"minecraft:diamond_chestplate":1}},"DataVersion":3955}