{"stats":{"minecraft:used":{"minecraft:iron_shovel":312,"minecraft:spruce_slab":190,"minecraft:diamond_hoe":3122,"minecraft:chest":8,"minecraft:shield":60,"minecraft:iron_sword":219,"minecraft:bell":1,"minecraft:rotten_flesh":52,"minecraft:iron_chestplate":4,"minecraft:mutton":5,"minecraft:carrot":4,"minecraft:tuff":1,"minecraft:snowball":9,"minecraft:obsidian":2,"minecraft:spruce_boat":17,"minecraft:lantern":8,"minecraft:iron_helmet":2,"minecraft:diorite_wall":2,"minecraft:bow":142,"minecraft:sweet_berries":47,"minecraft:furnace":6,"minecraft:potato":51,"minecraft:diamond_boots":2,"minecraft:spruce_door":1,"minecraft:stone_pickaxe":77,"minecraft:oak_planks":5,"minecraft:blue_bed":9,"minecraft:white_wool":4,"minecraft:golden_apple":1,"minecraft:shears":121,"minecraft:melon_slice":42,"minecraft:bread":2,"minecraft:lectern":482,"minecraft:gravel":124,"minecraft:diamond_sword":164,"minecraft:grindstone":1,"minecraft:oak_boat":2,"minecraft:bone_meal":9,"minecraft:enchanting_table":1,"minecraft:stone_sword":15,"minecraft:flint_and_steel":28,"minecraft:spruce_planks":143,"minecraft:cooked_salmon":3,"minecraft:cooked_chicken":12,"minecraft:torch":174,"minecraft:dirt":177,"minecraft:diamond_helmet":1,"minecraft:spruce_fence":2,"minecraft:dark_oak_planks":12,"minecraft:wooden_axe":69,"minecraft:bookshelf":15,"minecraft:iron_axe":1134,"minecraft:totem_of_undying":1,"minecraft:diamond_chestplate":1,"minecraft:cooked_beef":4,"minecraft:cobbled_deepslate":201,"minecraft:iron_leggings":1,"minecraft:wheat_seeds":2,"minecraft:cooked_mutton":18,"minecraft:water_bucket":55,"minecraft:birch_planks":2,"minecraft:baked_potato":48,"minecraft:fletching_table":19,"minecraft:spruce_fence_gate":4,"minecraft:crafting_table":9,"minecraft:red_bed":12,"minecraft:spider_eye":1,"minecraft:white_bed":17,"minecraft:spruce_log":1,"minecraft:diamond_pickaxe":86,"minecraft:iron_pickaxe":665,"minecraft:spruce_trapdoor":10,"minecraft:spruce_sapling":26,"minecraft:stone_axe":71,"minecraft:cobblestone":107,"minecraft:cooked_porkchop":24,"minecraft:bucket":57,"minecraft:sculk_catalyst":3,"minecraft:diamond_leggings":2},"minecraft:broken":{"minecraft:iron_shovel":1,"minecraft:stone_pickaxe":1,"minecraft:iron_sword":1,"minecraft:diamond_hoe":2,"minecraft:stone_sword":1,"minecraft:iron_axe":4,"minecraft:iron_pickaxe":2,"minecraft:iron_helmet":1},"minecraft:picked_up":{"minecraft:iron_chestplate":3,"minecraft:wheat":14,"minecraft:diamond_sword":4,"minecraft:amethyst_block":8,"minecraft:string":25,"minecraft:raw_copper":3,"minecraft:smooth_stone_slab":2,"minecraft:diamond_leggings":3,"minecraft:cobbled_deepslate":279,"minecraft:bucket":2,"minecraft:spruce_planks":61,"minecraft:calcite":12,"minecraft:iron_pickaxe":4,"minecraft:melon_slice":83,"minecraft:iron_boots":5,"minecraft:furnace":3,"minecraft:blue_wool":46,"minecraft:stick":31,"minecraft:composter":1,"minecraft:torch":63,"minecraft:porkchop":33,"minecraft:diorite":17,"minecraft:cauldron":2,"minecraft:stone_sword":1,"minecraft:rotten_flesh":161,"minecraft:light_blue_wool":56,"minecraft:obsidian":7,"minecraft:snowball":45,"minecraft:cobblestone":196,"minecraft:feather":13,"minecraft:cooked_beef":6,"minecraft:water_bucket":5,"minecraft:andesite":19,"minecraft:potato":150,"minecraft:flint":8,"minecraft:tuff":32,"minecraft:stripped_spruce_wood":72,"minecraft:dirt":260,"minecraft:lapis_lazuli":69,"minecraft:lantern":8,"minecraft:bone":109,"minecraft:bow":9,"minecraft:wheat_seeds":39,"minecraft:raw_gold":13,"minecraft:bell":1,"minecraft:grindstone":1,"minecraft:diamond_helmet":2,"minecraft:fletching_table":15,"minecraft:rabbit":1,"minecraft:oak_planks":29,"minecraft:diorite_wall":2,"minecraft:cooked_porkchop":39,"minecraft:poisonous_potato":1,"minecraft:stripped_spruce_log":26,"minecraft:grass_block":1,"minecraft:dark_oak_log":36,"minecraft:polished_andesite":3,"minecraft:spruce_fence_gate":2,"minecraft:diamond":100,"minecraft:spruce_boat":21,"minecraft:granite":36,"minecraft:bread":1,"minecraft:emerald":61,"minecraft:oak_sapling":2,"minecraft:netherrack":1,"minecraft:charcoal":1,"minecraft:crafting_table":10,"minecraft:azure_bluet":3,"minecraft:chicken":2,"minecraft:wooden_pickaxe":1,"minecraft:shield":6,"minecraft:red_bed":12,"minecraft:iron_axe":18,"minecraft:white_carpet":19,"minecraft:beef":7,"minecraft:cyan_wool":19,"minecraft:oak_boat":1,"minecraft:poppy":5,"minecraft:light_gray_wool":1,"minecraft:spruce_slab":39,"minecraft:lectern":478,"minecraft:sugar_cane":24,"minecraft:chest":11,"minecraft:birch_sapling":1,"minecraft:spruce_trapdoor":1,"minecraft:diamond_hoe":9,"minecraft:raw_iron":109,"minecraft:spruce_fence":4,"minecraft:carrot":8,"minecraft:redstone":52,"minecraft:dark_oak_planks":26,"minecraft:arrow":166,"minecraft:diamond_chestplate":4,"minecraft:beetroot_seeds":3,"minecraft:diamond_boots":2,"minecraft:totem_of_undying":7,"minecraft:mutton":20,"minecraft:white_wool":16,"minecraft:oxeye_daisy":1,"minecraft:glow_ink_sac":1,"minecraft:leather":2,"minecraft:birch_planks":27,"minecraft:oak_log":86,"minecraft:chainmail_chestplate":1,"minecraft:gunpowder":31,"minecraft:blue_bed":9,"minecraft:cooked_mutton":15,"minecraft:red_carpet":20,"minecraft:apple":2,"minecraft:rabbit_hide":1,"minecraft:iron_ingot":25,"minecraft:stone_pickaxe":1,"minecraft:cooked_chicken":11,"minecraft:iron_sword":4,"minecraft:dark_oak_stairs":4,"minecraft:book":419,"minecraft:smooth_basalt":6,"minecraft:birch_boat":1,"minecraft:sweet_berries":117,"minecraft:dandelion":1,"minecraft:gravel":144,"minecraft:amethyst_shard":16,"minecraft:spruce_sapling":34,"minecraft:white_bed":18,"minecraft:spruce_log":413,"minecraft:spruce_door":1,"minecraft:spider_eye":8,"minecraft:slime_ball":24,"minecraft:stone_axe":3,"minecraft:iron_helmet":3,"minecraft:baked_potato":11,"minecraft:coal":101,"minecraft:ender_pearl":4},"minecraft:mined":{"minecraft:dark_oak_planks":21,"minecraft:spruce_planks":32,"minecraft:white_bed":8,"minecraft:sculk_vein":221,"minecraft:obsidian":7,"minecraft:spruce_trapdoor":1,"minecraft:granite":30,"minecraft:grass_block":54,"minecraft:blue_wool":46,"minecraft:composter":1,"minecraft:oxeye_daisy":1,"minecraft:sculk_catalyst":10,"minecraft:fire":1,"minecraft:iron_ore":87,"minecraft:cobbled_deepslate":39,"minecraft:fletching_table":15,"minecraft:deepslate_lapis_ore":1,"minecraft:azure_bluet":1,"minecraft:sculk_shrieker":2,"minecraft:water_cauldron":2,"minecraft:dirt_path":68,"minecraft:spruce_slab":37,"minecraft:deepslate_redstone_ore":7,"minecraft:red_bed":9,"minecraft:amethyst_cluster":1,"minecraft:torch":1,"minecraft:calcite":1,"minecraft:melon":11,"minecraft:chest":11,"minecraft:cobblestone":21,"minecraft:sugar_cane":10,"minecraft:oak_planks":3,"minecraft:wall_torch":6,"minecraft:amethyst_block":2,"minecraft:cyan_wool":19,"minecraft:wheat":11,"minecraft:oak_log":70,"minecraft:diorite_wall":2,"minecraft:dirt":85,"minecraft:smooth_basalt":1,"minecraft:netherrack":1,"minecraft:oak_leaves":33,"minecraft:deepslate":244,"minecraft:tuff":55,"minecraft:red_carpet":1,"minecraft:light_blue_wool":56,"minecraft:deepslate_diamond_ore":61,"minecraft:dark_oak_log":38,"minecraft:spruce_fence":4,"minecraft:spruce_leaves":51,"minecraft:large_fern":7,"minecraft:spruce_sapling":11,"minecraft:furnace":3,"minecraft:carrots":2,"minecraft:snow":7,"minecraft:andesite":19,"minecraft:stripped_spruce_log":26,"minecraft:bookshelf":128,"minecraft:potatoes":40,"minecraft:deepslate_iron_ore":10,"minecraft:lantern":7,"minecraft:packed_ice":31,"minecraft:stone":124,"minecraft:white_wool":1,"minecraft:snow_block":4,"minecraft:crafting_table":10,"minecraft:short_grass":20,"minecraft:sculk_sensor":34,"minecraft:lectern":478,"minecraft:copper_ore":1,"minecraft:tall_grass":2,"minecraft:deepslate_gold_ore":8,"minecraft:sculk":2904,"minecraft:diorite":17,"minecraft:birch_planks":1,"minecraft:stripped_spruce_wood":73,"minecraft:sweet_berry_bush":44,"minecraft:ice":3,"minecraft:white_carpet":1,"minecraft:spruce_log":53,"minecraft:birch_leaves":2,"minecraft:coal_ore":53,"minecraft:gravel":165,"minecraft:spruce_fence_gate":2,"minecraft:gold_ore":5,"minecraft:fern":5,"minecraft:deepslate_emerald_ore":2},"minecraft:killed":{"minecraft:spider":12,"minecraft:skeleton":33,"minecraft:chicken":6,"minecraft:silverfish":1,"minecraft:pig":19,"minecraft:zombie_villager":3,"minecraft:iron_golem":2,"minecraft:creeper":3,"minecraft:sheep":14,"minecraft:zombie":73,"minecraft:cow":3,"minecraft:evoker":5,"minecraft:vex":17,"minecraft:vindicator":17,"minecraft:slime":34,"minecraft:drowned":1,"minecraft:warden":1,"minecraft:bat":1,"minecraft:enderman":1},"minecraft:killed_by":{"minecraft:creeper":1,"minecraft:vindicator":2,"minecraft:zombie":3,"minecraft:vex":2,"minecraft:player":1,"minecraft:warden":4},"minecraft:dropped":{"minecraft:iron_sword":1,"minecraft:porkchop":1,"minecraft:dark_oak_stairs":4,"minecraft:lapis_lazuli":32,"minecraft:cooked_beef":6,"minecraft:glow_ink_sac":1,"minecraft:baked_potato":31,"minecraft:cooked_porkchop":13,"minecraft:dirt":16,"minecraft:cooked_cod":2,"minecraft:dark_oak_planks":4,"minecraft:white_wool":4,"minecraft:cobbled_deepslate":29,"minecraft:wheat":4,"minecraft:birch_sapling":1,"minecraft:oak_planks":2,"minecraft:azure_bluet":3,"minecraft:white_bed":1,"minecraft:chainmail_chestplate":1,"minecraft:poppy":3,"minecraft:rabbit_hide":1,"minecraft:gunpowder":6,"minecraft:beetroot_seeds":3,"minecraft:arrow":1,"minecraft:iron_ingot":60,"minecraft:bread":2,"minecraft:wheat_seeds":5,"minecraft:poisonous_potato":1,"minecraft:feather":1,"minecraft:cobblestone":7,"minecraft:granite":2,"minecraft:grass_block":1,"minecraft:coal":1,"minecraft:polished_andesite":3,"minecraft:stick":18,"minecraft:wooden_axe":1,"minecraft:rabbit":1,"minecraft:iron_axe":4,"minecraft:dandelion":1,"minecraft:smooth_basalt":4,"minecraft:sweet_berries":24,"minecraft:smooth_stone_slab":2,"minecraft:raw_iron":2,"minecraft:white_carpet":2,"minecraft:iron_boots":2,"minecraft:flint_and_steel":1,"minecraft:filled_map":1,"minecraft:diamond_sword":2,"minecraft:potato":27,"minecraft:spruce_boat":2,"minecraft:diamond_chestplate":1,"minecraft:spruce_planks":61,"minecraft:oak_sapling":1,"minecraft:spider_eye":2,"minecraft:spruce_log":14,"minecraft:bow":1,"minecraft:calcite":8},"minecraft:custom":{"minecraft:interact_with_crafting_table":103,"minecraft:bell_ring":75,"minecraft:leave_game":17,"minecraft:time_since_death":21866,"minecraft:sprint_one_cm":1128542,"minecraft:damage_blocked_by_shield":2357,"minecraft:drop":118,"minecraft:talked_to_villager":385,"minecraft:play_time":625370,"minecraft:deaths":19,"minecraft:jump":11446,"minecraft:walk_on_water_one_cm":204197,"minecraft:enchant_item":6,"minecraft:interact_with_furnace":104,"minecraft:traded_with_villager":120,"minecraft:sleep_in_bed":25,"minecraft:damage_dealt":41317,"minecraft:player_kills":10,"minecraft:crouch_one_cm":212240,"minecraft:interact_with_smithing_table":1,"minecraft:mob_kills":257,"minecraft:interact_with_anvil":1,"minecraft:climb_one_cm":1766,"minecraft:walk_one_cm":2717808,"minecraft:sneak_time":58276,"minecraft:walk_under_water_one_cm":116942,"minecraft:boat_one_cm":451157,"minecraft:total_world_time":625370,"minecraft:interact_with_grindstone":4,"minecraft:time_since_rest":21892,"minecraft:damage_taken":14860,"minecraft:damage_absorbed":51,"minecraft:swim_one_cm":39554,"minecraft:fly_one_cm":1655733,"minecraft:open_chest":209,"minecraft:fall_one_cm":250475},"minecraft:crafted":{"minecraft:grindstone":1,"minecraft:oak_planks":280,"minecraft:stone":3,"minecraft:bookshelf":19,"minecraft:cooked_mutton":10,"minecraft:diamond_leggings":1,"minecraft:diamond_helmet":1,"minecraft:bow":1,"minecraft:iron_boots":1,"minecraft:chest":5,"minecraft:arrow":192,"minecraft:emerald":101,"minecraft:cooked_porkchop":19,"minecraft:crafting_table":5,"minecraft:spruce_planks":2044,"minecraft:baked_potato":66,"minecraft:iron_helmet":1,"minecraft:fletching_table":4,"minecraft:spruce_trapdoor":10,"minecraft:lectern":4,"minecraft:iron_chestplate":1,"minecraft:diamond_pickaxe":2,"minecraft:shield":2,"minecraft:stick":3304,"minecraft:stone_slab":6,"minecraft:iron_ingot":77,"minecraft:iron_pickaxe":3,"minecraft:spruce_fence_gate":2,"minecraft:shears":1,"minecraft:diamond_hoe":1,"minecraft:furnace":2,"minecraft:bone_meal":9,"minecraft:iron_axe":7,"minecraft:spruce_slab":174,"minecraft:diamond_boots":1,"minecraft:spruce_boat":2,"minecraft:dark_oak_planks":144,"minecraft:cooked_beef":4,"minecraft:diamond_sword":1,"minecraft:enchanting_table":1,"minecraft:iron_sword":1,"minecraft:bucket":1,"minecraft:stone_axe":1,"minecraft:enchanted_book":3,"minecraft:bread":2,"minecraft:air":0,"minecraft:oak_boat":1,"minecraft:wooden_axe":2,"minecraft:iron_shovel":2,"minecraft:iron_leggings":1,"minecraft:white_bed":1,"minecraft:torch":124,"minecraft:diamond_chestplate":1}},"DataVersion":3955}