{"stats":{"minecraft:used":{"minecraft:stone_sword":15,"minecraft:iron_shovel":90,"minecraft:spruce_slab":134,"minecraft:spruce_planks":107,"minecraft:chest":1,"minecraft:shield":8,"minecraft:iron_sword":12,"minecraft:bell":1,"minecraft:cooked_salmon":3,"minecraft:rotten_flesh":5,"minecraft:iron_chestplate":1,"minecraft:torch":82,"minecraft:dirt":103,"minecraft:snowball":9,"minecraft:spruce_boat":6,"minecraft:wooden_axe":69,"minecraft:iron_axe":150,"minecraft:lantern":7,"minecraft:iron_helmet":1,"minecraft:sweet_berries":28,"minecraft:furnace":4,"minecraft:iron_leggings":1,"minecraft:water_bucket":5,"minecraft:stone_pickaxe":77,"minecraft:baked_potato":8,"minecraft:blue_bed":9,"minecraft:spruce_fence_gate":4,"minecraft:crafting_table":8,"minecraft:red_bed":7,"minecraft:spider_eye":1,"minecraft:white_bed":10,"minecraft:iron_pickaxe":302,"minecraft:gravel":1,"minecraft:cobblestone":72,"minecraft:cooked_porkchop":4,"minecraft:bucket":6,"minecraft:oak_boat":2},"minecraft:broken":{"minecraft:stone_sword":1,"minecraft:stone_pickaxe":1},"minecraft:picked_up":{"minecraft:crafting_table":5,"minecraft:chicken":2,"minecraft:wooden_pickaxe":1,"minecraft:string":4,"minecraft:red_bed":7,"minecraft:raw_copper":3,"minecraft:cobbled_deepslate":59,"minecraft:spruce_planks":32,"minecraft:beef":3,"minecraft:oak_boat":1,"minecraft:light_gray_wool":1,"minecraft:poppy":3,"minecraft:spruce_slab":4,"minecraft:sugar_cane":2,"minecraft:birch_sapling":1,"minecraft:furnace":2,"minecraft:stick":6,"minecraft:raw_iron":54,"minecraft:composter":1,"minecraft:torch":3,"minecraft:spruce_fence":2,"minecraft:porkchop":13,"minecraft:diorite":17,"minecraft:redstone":1,"minecraft:rotten_flesh":18,"minecraft:stone_sword":1,"minecraft:arrow":3,"minecraft:mutton":10,"minecraft:snowball":37,"minecraft:white_wool":6,"minecraft:cobblestone":121,"minecraft:feather":2,"minecraft:andesite":19,"minecraft:potato":14,"minecraft:tuff":1,"minecraft:stripped_spruce_wood":3,"minecraft:oak_log":54,"minecraft:dirt":143,"minecraft:lapis_lazuli":5,"minecraft:blue_bed":9,"minecraft:lantern":7,"minecraft:bone":6,"minecraft:apple":2,"minecraft:wheat_seeds":1,"minecraft:raw_gold":7,"minecraft:rabbit_hide":1,"minecraft:bell":1,"minecraft:stone_pickaxe":1,"minecraft:iron_ingot":4,"minecraft:rabbit":1,"minecraft:birch_boat":1,"minecraft:sweet_berries":74,"minecraft:dandelion":1,"minecraft:gravel":3,"minecraft:stripped_spruce_log":19,"minecraft:spruce_sapling":4,"minecraft:white_bed":10,"minecraft:spruce_log":39,"minecraft:spider_eye":3,"minecraft:spruce_fence_gate":2,"minecraft:slime_ball":1,"minecraft:diamond":12,"minecraft:spruce_boat":6,"minecraft:granite":30,"minecraft:baked_potato":3,"minecraft:oak_sapling":2,"minecraft:coal":43},"minecraft:mined":{"minecraft:tuff":1,"minecraft:spruce_planks":5,"minecraft:white_bed":2,"minecraft:deepslate_diamond_ore":12,"minecraft:granite":30,"minecraft:grass_block":21,"minecraft:spruce_fence":2,"minecraft:spruce_leaves":41,"minecraft:composter":1,"minecraft:large_fern":3,"minecraft:furnace":2,"minecraft:iron_ore":50,"minecraft:snow":2,"minecraft:andesite":19,"minecraft:stripped_spruce_log":19,"minecraft:deepslate_lapis_ore":1,"minecraft:deepslate_iron_ore":2,"minecraft:dirt_path":30,"minecraft:lantern":6,"minecraft:packed_ice":17,"minecraft:stone":123,"minecraft:spruce_slab":2,"minecraft:red_bed":4,"minecraft:snow_block":3,"minecraft:crafting_table":8,"minecraft:torch":1,"minecraft:short_grass":4,"minecraft:copper_ore":1,"minecraft:cobblestone":4,"minecraft:deepslate_gold_ore":2,"minecraft:diorite":17,"minecraft:stripped_spruce_wood":4,"minecraft:sweet_berry_bush":25,"minecraft:ice":3,"minecraft:spruce_log":40,"minecraft:birch_leaves":1,"minecraft:coal_ore":43,"minecraft:oak_log":54,"minecraft:gravel":1,"minecraft:dirt":43,"minecraft:spruce_fence_gate":2,"minecraft:gold_ore":5,"minecraft:oak_leaves":32,"minecraft:deepslate":59,"minecraft:fern":2},"minecraft:killed":{"minecraft:spider":6,"minecraft:skeleton":3,"minecraft:chicken":2,"minecraft:pig":6,"minecraft:iron_golem":1,"minecraft:sheep":6,"minecraft:zombie":16,"minecraft:cow":1},"minecraft:killed_by":{"minecraft:player":1,"minecraft:creeper":1,"minecraft:zombie":3},"minecraft:dropped":{"minecraft:iron_ingot":32,"minecraft:bread":1,"minecraft:porkchop":1,"minecraft:cooked_porkchop":3,"minecraft:cobblestone":7,"minecraft:dirt":13,"minecraft:wooden_axe":1,"minecraft:rabbit":1,"minecraft:cooked_cod":2,"minecraft:white_wool":3,"minecraft:dandelion":1,"minecraft:birch_sapling":1,"minecraft:raw_iron":2,"minecraft:filled_map":1,"minecraft:poppy":3,"minecraft:rabbit_hide":1,"minecraft:oak_sapling":1},"minecraft:custom":{"minecraft:mob_kills":43,"minecraft:interact_with_crafting_table":38,"minecraft:bell_ring":58,"minecraft:leave_game":4,"minecraft:time_since_death":94485,"minecraft:sprint_one_cm":179967,"minecraft:walk_one_cm":668049,"minecraft:damage_blocked_by_shield":250,"minecraft:drop":19,"minecraft:talked_to_villager":4,"minecraft:play_time":134541,"minecraft:deaths":10,"minecraft:sneak_time":6840,"minecraft:walk_under_water_one_cm":28180,"minecraft:boat_one_cm":240642,"minecraft:jump":2710,"minecraft:walk_on_water_one_cm":31350,"minecraft:total_world_time":134541,"minecraft:interact_with_furnace":38,"minecraft:sleep_in_bed":11,"minecraft:time_since_rest":4345,"minecraft:damage_taken":5898,"minecraft:damage_dealt":8156,"minecraft:player_kills":9,"minecraft:fly_one_cm":341315,"minecraft:swim_one_cm":3228,"minecraft:open_chest":39,"minecraft:crouch_one_cm":23240,"minecraft:fall_one_cm":80480},"minecraft:crafted":{"minecraft:oak_planks":216,"minecraft:furnace":2,"minecraft:iron_boots":1,"minecraft:iron_axe":1,"minecraft:spruce_slab":132,"minecraft:chest":1,"minecraft:spruce_boat":1,"minecraft:cooked_porkchop":11,"minecraft:crafting_table":4,"minecraft:spruce_planks":244,"minecraft:baked_potato":7,"minecraft:iron_helmet":1,"minecraft:iron_sword":1,"minecraft:bucket":1,"minecraft:air":0,"minecraft:oak_boat":1,"minecraft:iron_chestplate":1,"minecraft:shield":1,"minecraft:stick":40,"minecraft:iron_ingot":52,"minecraft:iron_pickaxe":3,"minecraft:wooden_axe":2,"minecraft:iron_shovel":1,"minecraft:iron_leggings":1,"minecraft:white_bed":1,"minecraft:spruce_fence_gate":2,"minecraft:torch":124}},"DataVersion":3955}