{"stats":{"minecraft:used":{"minecraft:stone_sword":15,"minecraft:iron_shovel":312,"minecraft:spruce_slab":177,"minecraft:spruce_planks":130,"minecraft:chest":5,"minecraft:shield":9,"minecraft:iron_sword":39,"minecraft:bell":1,"minecraft:cooked_salmon":3,"minecraft:rotten_flesh":10,"minecraft:iron_chestplate":3,"minecraft:torch":104,"minecraft:dirt":171,"minecraft:carrot":4,"minecraft:spruce_fence":2,"minecraft:snowball":9,"minecraft:spruce_boat":8,"minecraft:wooden_axe":69,"minecraft:iron_axe":216,"minecraft:lantern":8,"minecraft:iron_helmet":1,"minecraft:diorite_wall":2,"minecraft:sweet_berries":28,"minecraft:furnace":5,"minecraft:potato":28,"minecraft:cobbled_deepslate":1,"minecraft:iron_leggings":1,"minecraft:wheat_seeds":2,"minecraft:water_bucket":9,"minecraft:stone_pickaxe":77,"minecraft:baked_potato":15,"minecraft:fletching_table":19,"minecraft:blue_bed":9,"minecraft:spruce_fence_gate":4,"minecraft:crafting_table":8,"minecraft:red_bed":10,"minecraft:spider_eye":1,"minecraft:white_bed":12,"minecraft:spruce_log":1,"minecraft:bread":2,"minecraft:iron_pickaxe":460,"minecraft:lectern":22,"minecraft:spruce_trapdoor":8,"minecraft:spruce_sapling":26,"minecraft:gravel":119,"minecraft:stone_axe":71,"minecraft:cobblestone":72,"minecraft:cooked_porkchop":4,"minecraft:bucket":10,"minecraft:oak_boat":2,"minecraft:bone_meal":9},"minecraft:broken":{"minecraft:iron_shovel":1,"minecraft:stone_sword":1,"minecraft:stone_pickaxe":1,"minecraft:iron_axe":1},"minecraft:picked_up":{"minecraft:charcoal":1,"minecraft:crafting_table":5,"minecraft:wheat":10,"minecraft:chicken":2,"minecraft:wooden_pickaxe":1,"minecraft:string":4,"minecraft:red_bed":10,"minecraft:raw_copper":3,"minecraft:cobbled_deepslate":119,"minecraft:spruce_planks":42,"minecraft:beef":3,"minecraft:oak_boat":1,"minecraft:light_gray_wool":1,"minecraft:poppy":3,"minecraft:spruce_slab":30,"minecraft:lectern":22,"minecraft:sugar_cane":4,"minecraft:birch_sapling":1,"minecraft:spruce_trapdoor":1,"minecraft:furnace":3,"minecraft:stick":9,"minecraft:raw_iron":59,"minecraft:composter":1,"minecraft:torch":5,"minecraft:spruce_fence":4,"minecraft:porkchop":13,"minecraft:carrot":8,"minecraft:diorite":17,"minecraft:redstone":1,"minecraft:rotten_flesh":20,"minecraft:stone_sword":1,"minecraft:arrow":4,"minecraft:mutton":11,"minecraft:snowball":45,"minecraft:white_wool":7,"minecraft:cobblestone":122,"minecraft:feather":2,"minecraft:glow_ink_sac":1,"minecraft:andesite":19,"minecraft:potato":80,"minecraft:flint":8,"minecraft:tuff":31,"minecraft:stripped_spruce_wood":42,"minecraft:oak_log":54,"minecraft:dirt":252,"minecraft:lapis_lazuli":5,"minecraft:blue_bed":9,"minecraft:lantern":8,"minecraft:bone":7,"minecraft:apple":2,"minecraft:wheat_seeds":29,"minecraft:raw_gold":13,"minecraft:rabbit_hide":1,"minecraft:bell":1,"minecraft:stone_pickaxe":1,"minecraft:iron_ingot":4,"minecraft:fletching_table":15,"minecraft:rabbit":1,"minecraft:book":33,"minecraft:diorite_wall":2,"minecraft:birch_boat":1,"minecraft:sweet_berries":74,"minecraft:dandelion":1,"minecraft:gravel":139,"minecraft:stripped_spruce_log":24,"minecraft:spruce_sapling":29,"minecraft:white_bed":12,"minecraft:spruce_log":309,"minecraft:spider_eye":4,"minecraft:spruce_fence_gate":2,"minecraft:slime_ball":10,"minecraft:diamond":12,"minecraft:spruce_boat":8,"minecraft:granite":30,"minecraft:baked_potato":3,"minecraft:oak_sapling":2,"minecraft:coal":43},"minecraft:mined":{"minecraft:tuff":54,"minecraft:spruce_planks":15,"minecraft:white_bed":4,"minecraft:deepslate_diamond_ore":12,"minecraft:spruce_trapdoor":1,"minecraft:granite":30,"minecraft:grass_block":52,"minecraft:spruce_fence":4,"minecraft:spruce_leaves":51,"minecraft:composter":1,"minecraft:large_fern":6,"minecraft:spruce_sapling":11,"minecraft:furnace":3,"minecraft:carrots":2,"minecraft:iron_ore":55,"minecraft:snow":7,"minecraft:andesite":19,"minecraft:stripped_spruce_log":24,"minecraft:fletching_table":15,"minecraft:deepslate_lapis_ore":1,"minecraft:potatoes":18,"minecraft:deepslate_iron_ore":2,"minecraft:dirt_path":68,"minecraft:lantern":7,"minecraft:packed_ice":28,"minecraft:stone":124,"minecraft:spruce_slab":27,"minecraft:red_bed":7,"minecraft:snow_block":4,"minecraft:crafting_table":8,"minecraft:torch":1,"minecraft:short_grass":7,"minecraft:lectern":22,"minecraft:copper_ore":1,"minecraft:cobblestone":4,"minecraft:deepslate_gold_ore":8,"minecraft:diorite":17,"minecraft:wall_torch":1,"minecraft:stripped_spruce_wood":43,"minecraft:wheat":10,"minecraft:sweet_berry_bush":25,"minecraft:ice":3,"minecraft:spruce_log":53,"minecraft:birch_leaves":1,"minecraft:coal_ore":43,"minecraft:oak_log":54,"minecraft:diorite_wall":2,"minecraft:gravel":161,"minecraft:dirt":79,"minecraft:spruce_fence_gate":2,"minecraft:gold_ore":5,"minecraft:oak_leaves":32,"minecraft:deepslate":145,"minecraft:fern":2},"minecraft:killed":{"minecraft:spider":7,"minecraft:slime":20,"minecraft:skeleton":3,"minecraft:chicken":2,"minecraft:pig":6,"minecraft:zombie_villager":1,"minecraft:iron_golem":1,"minecraft:sheep":7,"minecraft:zombie":16,"minecraft:cow":1},"minecraft:killed_by":{"minecraft:player":1,"minecraft:creeper":1,"minecraft:zombie":3},"minecraft:dropped":{"minecraft:iron_ingot":53,"minecraft:bread":1,"minecraft:porkchop":1,"minecraft:wheat_seeds":1,"minecraft:baked_potato":13,"minecraft:glow_ink_sac":1,"minecraft:cooked_porkchop":3,"minecraft:cobblestone":7,"minecraft:dirt":14,"minecraft:wooden_axe":1,"minecraft:rabbit":1,"minecraft:cooked_cod":2,"minecraft:iron_axe":1,"minecraft:white_wool":3,"minecraft:dandelion":1,"minecraft:birch_sapling":1,"minecraft:raw_iron":2,"minecraft:filled_map":1,"minecraft:poppy":3,"minecraft:rabbit_hide":1,"minecraft:oak_sapling":1,"minecraft:arrow":1},"minecraft:custom":{"minecraft:interact_with_smithing_table":1,"minecraft:mob_kills":66,"minecraft:interact_with_crafting_table":64,"minecraft:bell_ring":58,"minecraft:leave_game":4,"minecraft:time_since_death":196485,"minecraft:sprint_one_cm":322561,"minecraft:walk_one_cm":1145983,"minecraft:damage_blocked_by_shield":292,"minecraft:drop":26,"minecraft:talked_to_villager":89,"minecraft:play_time":236541,"minecraft:deaths":10,"minecraft:sneak_time":7483,"minecraft:walk_under_water_one_cm":30282,"minecraft:boat_one_cm":255040,"minecraft:jump":4240,"minecraft:walk_on_water_one_cm":36406,"minecraft:total_world_time":236541,"minecraft:interact_with_furnace":57,"minecraft:traded_with_villager":66,"minecraft:interact_with_grindstone":1,"minecraft:sleep_in_bed":20,"minecraft:time_since_rest":5603,"minecraft:damage_taken":6070,"minecraft:damage_dealt":9311,"minecraft:player_kills":9,"minecraft:fly_one_cm":587935,"minecraft:swim_one_cm":3228,"minecraft:open_chest":74,"minecraft:crouch_one_cm":25049,"minecraft:fall_one_cm":109447},"minecraft:crafted":{"minecraft:oak_planks":216,"minecraft:furnace":2,"minecraft:bone_meal":9,"minecraft:iron_boots":1,"minecraft:iron_axe":3,"minecraft:spruce_slab":156,"minecraft:chest":5,"minecraft:spruce_boat":1,"minecraft:emerald":66,"minecraft:cooked_porkchop":11,"minecraft:crafting_table":4,"minecraft:spruce_planks":1496,"minecraft:baked_potato":25,"minecraft:iron_helmet":1,"minecraft:iron_sword":1,"minecraft:fletching_table":4,"minecraft:bucket":1,"minecraft:stone_axe":1,"minecraft:bread":2,"minecraft:air":0,"minecraft:oak_boat":1,"minecraft:spruce_trapdoor":8,"minecraft:iron_chestplate":1,"minecraft:shield":1,"minecraft:stick":2312,"minecraft:iron_ingot":77,"minecraft:iron_pickaxe":3,"minecraft:wooden_axe":2,"minecraft:iron_shovel":2,"minecraft:iron_leggings":1,"minecraft:white_bed":1,"minecraft:spruce_fence_gate":2,"minecraft:torch":124}},"DataVersion":3955}