{"stats":{"minecraft:used":{"minecraft:dirt":2},"minecraft:picked_up":{"minecraft:sugar_cane":2,"minecraft:dirt":4},"minecraft:mined":{"minecraft:grass_block":3,"minecraft:dirt":1},"minecraft:custom":{"minecraft:time_since_rest":10618,"minecraft:play_time":11295,"minecraft:interact_with_furnace":1,"minecraft:sprint_one_cm":29357,"minecraft:deaths":1,"minecraft:damage_taken":425,"minecraft:walk_one_cm":67473,"minecraft:sneak_time":16,"minecraft:walk_under_water_one_cm":9389,"minecraft:jump":451,"minecraft:leave_game":1,"minecraft:walk_on_water_one_cm":5471,"minecraft:time_since_death":10581,"minecraft:total_world_time":11295,"minecraft:fall_one_cm":10094,"minecraft:interact_with_crafting_table":1,"minecraft:swim_one_cm":6957,"minecraft:fly_one_cm":89522},"minecraft:crafted":{"minecraft:iron_ingot":6,"minecraft:air":0}},"DataVersion":3955}