{"stats":{"minecraft:used":{"minecraft:iron_axe":418,"minecraft:bread":4,"minecraft:baked_potato":11,"minecraft:spruce_planks":1,"minecraft:spruce_sapling":7,"minecraft:sand":1,"minecraft:dirt":2,"minecraft:crafting_table":1},"minecraft:broken":{"minecraft:iron_axe":1},"minecraft:picked_up":{"minecraft:book":33,"minecraft:stick":7,"minecraft:crafting_table":1,"minecraft:potato":7,"minecraft:spruce_fence":2,"minecraft:sand":1,"minecraft:spruce_sapling":14,"minecraft:spruce_log":274,"minecraft:carrot":10,"minecraft:dirt":5,"minecraft:iron_axe":2,"minecraft:spruce_planks":2,"minecraft:iron_ingot":21,"minecraft:spruce_button":1,"minecraft:rabbit":1,"minecraft:baked_potato":13,"minecraft:sugar_cane":4},"minecraft:mined":{"minecraft:spruce_planks":2,"minecraft:carrots":3,"minecraft:spruce_log":283,"minecraft:crafting_table":1,"minecraft:potatoes":5,"minecraft:grass_block":3,"minecraft:bookshelf":11,"minecraft:spruce_fence":2,"minecraft:sand":1,"minecraft:dirt":2,"minecraft:spruce_leaves":114},"minecraft:dropped":{"minecraft:dirt":3,"minecraft:sugar_cane":2,"minecraft:charcoal":1,"minecraft:book":33,"minecraft:spruce_log":256,"minecraft:iron_axe":1,"minecraft:spruce_button":1},"minecraft:custom":{"minecraft:time_since_rest":52687,"minecraft:interact_with_furnace":3,"minecraft:sprint_one_cm":197393,"minecraft:damage_taken":625,"minecraft:walk_one_cm":168931,"minecraft:drop":264,"minecraft:interact_with_crafting_table":5,"minecraft:swim_one_cm":6957,"minecraft:talked_to_villager":19,"minecraft:fly_one_cm":375912,"minecraft:open_chest":17,"minecraft:crouch_one_cm":276,"minecraft:play_time":53364,"minecraft:deaths":1,"minecraft:sneak_time":79,"minecraft:walk_under_water_one_cm":9389,"minecraft:jump":1697,"minecraft:interact_with_grindstone":2,"minecraft:leave_game":5,"minecraft:walk_on_water_one_cm":5508,"minecraft:time_since_death":52650,"minecraft:interact_with_smoker":1,"minecraft:total_world_time":53364,"minecraft:fall_one_cm":41665},"minecraft:crafted":{"minecraft:crafting_table":1,"minecraft:iron_axe":1,"minecraft:spruce_planks":4,"minecraft:iron_ingot":6,"minecraft:spruce_button":1,"minecraft:air":0}},"DataVersion":3955}