{"stats":{"minecraft:picked_up":{"minecraft:crafting_table":2,"minecraft:azure_bluet":1,"minecraft:feather":5,"minecraft:chicken":6,"minecraft:leather":5,"minecraft:lead":2,"minecraft:potato":9,"minecraft:shield":1,"minecraft:gunpowder":1,"minecraft:string":2,"minecraft:dirt":6,"minecraft:red_bed":4,"minecraft:iron_axe":2,"minecraft:cobbled_deepslate":10,"minecraft:beef":3,"minecraft:spruce_planks":6,"minecraft:iron_ingot":22,"minecraft:spruce_slab":1,"minecraft:rabbit":1,"minecraft:sugar_cane":4,"minecraft:furnace":1,"minecraft:egg":2,"minecraft:book":34,"minecraft:stick":15,"minecraft:sweet_berries":3,"minecraft:torch":2,"minecraft:spruce_fence":2,"minecraft:porkchop":5,"minecraft:sand":1,"minecraft:spruce_sapling":19,"minecraft:grass_block":1,"minecraft:white_bed":2,"minecraft:carrot":10,"minecraft:spruce_log":421,"minecraft:diamond":3,"minecraft:arrow":2,"minecraft:rotten_flesh":2,"minecraft:spruce_boat":8,"minecraft:spruce_button":1,"minecraft:baked_potato":28,"minecraft:mutton":6,"minecraft:coal":31,"minecraft:white_wool":6,"minecraft:cobblestone":87},"minecraft:dropped":{"minecraft:sugar_cane":2,"minecraft:cooked_beef":3,"minecraft:cooked_porkchop":5,"minecraft:cobblestone":4,"minecraft:book":36,"minecraft:spruce_button":1,"minecraft:cooked_mutton":5,"minecraft:white_bed":2,"minecraft:emerald":37,"minecraft:dirt":3,"minecraft:potato":2,"minecraft:gunpowder":1,"minecraft:charcoal":1,"minecraft:spruce_log":360,"minecraft:iron_axe":2,"minecraft:string":2},"minecraft:custom":{"minecraft:interact_with_furnace":53,"minecraft:mob_kills":25,"minecraft:traded_with_villager":6,"minecraft:interact_with_crafting_table":22,"minecraft:bell_ring":22,"minecraft:interact_with_grindstone":2,"minecraft:leave_game":7,"minecraft:time_since_death":136997,"minecraft:sleep_in_bed":5,"minecraft:time_since_rest":19150,"minecraft:sprint_one_cm":576277,"minecraft:walk_one_cm":312584,"minecraft:damage_taken":1054,"minecraft:drop":284,"minecraft:damage_dealt":2674,"minecraft:talked_to_villager":74,"minecraft:swim_one_cm":10102,"minecraft:fly_one_cm":776169,"minecraft:open_chest":71,"minecraft:crouch_one_cm":39162,"minecraft:play_time":137711,"minecraft:deaths":1,"minecraft:sneak_time":11340,"minecraft:walk_under_water_one_cm":18627,"minecraft:boat_one_cm":167034,"minecraft:jump":3619,"minecraft:walk_on_water_one_cm":15565,"minecraft:interact_with_smoker":1,"minecraft:total_world_time":137711,"minecraft:fall_one_cm":89055},"minecraft:broken":{"minecraft:iron_axe":2},"minecraft:crafted":{"minecraft:cooked_beef":3,"minecraft:emerald":6,"minecraft:cooked_porkchop":13,"minecraft:crafting_table":4,"minecraft:spruce_planks":172,"minecraft:spruce_button":1,"minecraft:cooked_chicken":6,"minecraft:furnace":1,"minecraft:cooked_mutton":5,"minecraft:air":0,"minecraft:iron_axe":2,"minecraft:stick":208,"minecraft:iron_ingot":23,"minecraft:iron_pickaxe":1,"minecraft:iron_block":3,"minecraft:chest":2,"minecraft:white_bed":2,"minecraft:anvil":1,"minecraft:spruce_boat":1,"minecraft:torch":52},"minecraft:killed":{"minecraft:pig":3,"minecraft:spider":2,"minecraft:wandering_trader":1,"minecraft:sheep":5,"minecraft:trader_llama":2,"minecraft:goat":2,"minecraft:zombie":3,"minecraft:chicken":6,"minecraft:cow":1},"minecraft:mined":{"minecraft:spruce_planks":6,"minecraft:white_bed":2,"minecraft:glass_pane":2,"minecraft:red_bed":5,"minecraft:deepslate_diamond_ore":3,"minecraft:crafting_table":3,"minecraft:short_grass":4,"minecraft:grass_block":3,"minecraft:spruce_fence":2,"minecraft:sculk_sensor":5,"minecraft:cobblestone":7,"minecraft:spruce_leaves":147,"minecraft:sculk_catalyst":1,"minecraft:furnace":1,"minecraft:carrots":3,"minecraft:spruce_log":406,"minecraft:sculk_shrieker":1,"minecraft:coal_ore":18,"minecraft:bookshelf":11,"minecraft:potatoes":5,"minecraft:flowering_azalea_leaves":1,"minecraft:sand":1,"minecraft:dirt":2,"minecraft:azalea_leaves":1,"minecraft:stone":82,"minecraft:spruce_slab":1},"minecraft:used":{"minecraft:spruce_slab":1,"minecraft:baked_potato":17,"minecraft:chest":2,"minecraft:spruce_planks":13,"minecraft:iron_sword":58,"minecraft:cooked_chicken":2,"minecraft:rotten_flesh":1,"minecraft:torch":19,"minecraft:dirt":2,"minecraft:sand":1,"minecraft:anvil":1,"minecraft:crafting_table":6,"minecraft:red_bed":4,"minecraft:carrot":14,"minecraft:white_bed":2,"minecraft:spruce_log":3,"minecraft:spruce_boat":8,"minecraft:iron_axe":579,"minecraft:bread":10,"minecraft:iron_pickaxe":118,"minecraft:spruce_sapling":7,"minecraft:cobblestone":75,"minecraft:furnace":1,"minecraft:egg":2}},"DataVersion":3955}