{"stats":{"minecraft:used":{"minecraft:spruce_slab":1,"minecraft:diamond_hoe":40,"minecraft:spruce_planks":13,"minecraft:chest":4,"minecraft:iron_sword":215,"minecraft:cooked_chicken":3,"minecraft:rotten_flesh":8,"minecraft:torch":19,"minecraft:dirt":49,"minecraft:anvil":1,"minecraft:jungle_planks":1,"minecraft:carrot":14,"minecraft:tuff":7,"minecraft:spruce_boat":14,"minecraft:lava_bucket":7,"minecraft:iron_axe":592,"minecraft:grass_block":1,"minecraft:sweet_berries":33,"minecraft:furnace":2,"minecraft:egg":2,"minecraft:cooked_beef":3,"minecraft:cobbled_deepslate":66,"minecraft:pumpkin":1,"minecraft:cooked_mutton":2,"minecraft:birch_planks":19,"minecraft:baked_potato":25,"minecraft:sand":1,"minecraft:crafting_table":7,"minecraft:red_bed":4,"minecraft:white_bed":5,"minecraft:spruce_log":3,"minecraft:bread":10,"minecraft:iron_pickaxe":268,"minecraft:spruce_sapling":7,"minecraft:gravel":3,"minecraft:stone_axe":55,"minecraft:cobblestone":76,"minecraft:bucket":7},"minecraft:broken":{"minecraft:iron_axe":2,"minecraft:stone_axe":1,"minecraft:iron_pickaxe":1},"minecraft:picked_up":{"minecraft:iron_chestplate":4,"minecraft:crafting_table":3,"minecraft:azure_bluet":4,"minecraft:chicken":6,"minecraft:lead":4,"minecraft:shield":1,"minecraft:string":2,"minecraft:red_bed":4,"minecraft:iron_axe":5,"minecraft:iron_leggings":5,"minecraft:cobbled_deepslate":192,"minecraft:spruce_planks":58,"minecraft:beef":4,"minecraft:iron_nugget":5,"minecraft:iron_pickaxe":6,"minecraft:spruce_slab":12,"minecraft:sugar_cane":4,"minecraft:chest":4,"minecraft:egg":2,"minecraft:diamond_hoe":1,"minecraft:iron_boots":5,"minecraft:furnace":4,"minecraft:stick":15,"minecraft:torch":115,"minecraft:spruce_fence":2,"minecraft:porkchop":5,"minecraft:carrot":10,"minecraft:redstone":18,"minecraft:tnt":9,"minecraft:arrow":7,"minecraft:rotten_flesh":40,"minecraft:gold_ingot":20,"minecraft:mutton":6,"minecraft:white_wool":6,"minecraft:cobblestone":88,"minecraft:birch_log":5,"minecraft:feather":5,"minecraft:cooked_beef":3,"minecraft:glow_ink_sac":4,"minecraft:leather":11,"minecraft:potato":9,"minecraft:tuff":7,"minecraft:gunpowder":1,"minecraft:dirt":86,"minecraft:lapis_lazuli":8,"minecraft:blue_bed":3,"minecraft:bone":5,"minecraft:wheat_seeds":3,"minecraft:iron_ingot":34,"minecraft:cooked_chicken":3,"minecraft:rabbit":1,"minecraft:iron_sword":9,"minecraft:book":34,"minecraft:sculk_catalyst":4,"minecraft:pumpkin":1,"minecraft:sweet_berries":38,"minecraft:gravel":3,"minecraft:sand":1,"minecraft:jungle_planks":1,"minecraft:spruce_sapling":24,"minecraft:spruce_log":421,"minecraft:white_bed":5,"minecraft:grass_block":3,"minecraft:diamond":21,"minecraft:stone_axe":1,"minecraft:spruce_boat":18,"minecraft:iron_helmet":4,"minecraft:spruce_button":1,"minecraft:emerald":10,"minecraft:baked_potato":74,"minecraft:coal":33},"minecraft:mined":{"minecraft:tuff":7,"minecraft:spruce_planks":7,"minecraft:white_bed":14,"minecraft:deepslate_diamond_ore":11,"minecraft:sculk_vein":7,"minecraft:grass_block":10,"minecraft:spruce_fence":2,"minecraft:jungle_planks":1,"minecraft:spruce_leaves":147,"minecraft:large_fern":2,"minecraft:sculk_catalyst":2,"minecraft:furnace":1,"minecraft:carrots":3,"minecraft:cobbled_deepslate":9,"minecraft:pumpkin":1,"minecraft:sculk_shrieker":2,"minecraft:bookshelf":11,"minecraft:potatoes":5,"minecraft:flowering_azalea_leaves":1,"minecraft:packed_ice":10,"minecraft:azalea_leaves":1,"minecraft:stone":82,"minecraft:spruce_slab":5,"minecraft:deepslate_redstone_ore":2,"minecraft:glass_pane":2,"minecraft:red_bed":5,"minecraft:crafting_table":3,"minecraft:short_grass":6,"minecraft:chest":2,"minecraft:sculk_sensor":9,"minecraft:cobblestone":7,"minecraft:tall_grass":3,"minecraft:sculk":94,"minecraft:blue_bed":1,"minecraft:wall_torch":1,"minecraft:birch_log":5,"minecraft:sweet_berry_bush":12,"minecraft:ice":3,"minecraft:spruce_log":406,"minecraft:coal_ore":18,"minecraft:gravel":3,"minecraft:sand":1,"minecraft:dirt":7,"minecraft:deepslate":100,"minecraft:fern":2},"minecraft:killed":{"minecraft:spider":3,"minecraft:skeleton":3,"minecraft:chicken":6,"minecraft:warden":3,"minecraft:pig":3,"minecraft:zombie_villager":1,"minecraft:wandering_trader":1,"minecraft:sheep":5,"minecraft:trader_llama":2,"minecraft:goat":2,"minecraft:zombie":13,"minecraft:cow":2},"minecraft:killed_by":{"minecraft:player":5,"minecraft:iron_golem":3,"minecraft:warden":13,"minecraft:skeleton":1,"minecraft:zombie":3},"minecraft:dropped":{"minecraft:cooked_beef":7,"minecraft:glow_ink_sac":4,"minecraft:cooked_porkchop":5,"minecraft:cobblestone":5,"minecraft:book":36,"minecraft:spruce_button":1,"minecraft:grass_block":1,"minecraft:emerald":37,"minecraft:dirt":4,"minecraft:iron_axe":2,"minecraft:string":2,"minecraft:bone":4,"minecraft:furnace":2,"minecraft:sugar_cane":2,"minecraft:rotten_flesh":17,"minecraft:cooked_mutton":5,"minecraft:white_bed":2,"minecraft:potato":2,"minecraft:gunpowder":1,"minecraft:charcoal":1,"minecraft:spruce_log":360,"minecraft:arrow":4},"minecraft:custom":{"minecraft:mob_kills":45,"minecraft:interact_with_crafting_table":37,"minecraft:bell_ring":22,"minecraft:leave_game":24,"minecraft:time_since_death":7170,"minecraft:sprint_one_cm":998582,"minecraft:walk_one_cm":754451,"minecraft:drop":313,"minecraft:talked_to_villager":90,"minecraft:play_time":296295,"minecraft:deaths":26,"minecraft:sneak_time":34005,"minecraft:walk_under_water_one_cm":48950,"minecraft:boat_one_cm":312176,"minecraft:jump":7419,"minecraft:walk_on_water_one_cm":62557,"minecraft:total_world_time":296295,"minecraft:interact_with_furnace":114,"minecraft:traded_with_villager":6,"minecraft:interact_with_grindstone":2,"minecraft:sleep_in_bed":10,"minecraft:time_since_rest":7236,"minecraft:damage_taken":8797,"minecraft:damage_dealt":13555,"minecraft:swim_one_cm":16531,"minecraft:fly_one_cm":1502073,"minecraft:open_chest":157,"minecraft:crouch_one_cm":119651,"minecraft:interact_with_smoker":1,"minecraft:fall_one_cm":169352},"minecraft:crafted":{"minecraft:diamond_hoe":1,"minecraft:spruce_button":1,"minecraft:cooked_chicken":6,"minecraft:furnace":1,"minecraft:cooked_mutton":14,"minecraft:iron_axe":2,"minecraft:chest":2,"minecraft:spruce_boat":1,"minecraft:cooked_beef":10,"minecraft:emerald":6,"minecraft:cooked_porkchop":13,"minecraft:crafting_table":4,"minecraft:spruce_planks":172,"minecraft:baked_potato":18,"minecraft:bucket":1,"minecraft:birch_planks":20,"minecraft:air":0,"minecraft:stick":208,"minecraft:iron_ingot":38,"minecraft:iron_pickaxe":1,"minecraft:iron_block":3,"minecraft:gold_ingot":9,"minecraft:anvil":1,"minecraft:white_bed":2,"minecraft:torch":52}},"DataVersion":3955}