{"stats":{"minecraft:used":{"minecraft:iron_axe":223,"minecraft:baked_potato":8,"minecraft:spruce_planks":1,"minecraft:spruce_sapling":7,"minecraft:sand":1,"minecraft:dirt":2},"minecraft:broken":{"minecraft:iron_axe":1},"minecraft:picked_up":{"minecraft:book":33,"minecraft:stick":3,"minecraft:spruce_fence":2,"minecraft:sand":1,"minecraft:spruce_sapling":7,"minecraft:spruce_log":149,"minecraft:dirt":4,"minecraft:iron_axe":1,"minecraft:spruce_planks":2,"minecraft:iron_ingot":21,"minecraft:spruce_button":1,"minecraft:baked_potato":13,"minecraft:sugar_cane":4},"minecraft:mined":{"minecraft:spruce_planks":2,"minecraft:spruce_log":157,"minecraft:bookshelf":11,"minecraft:grass_block":3,"minecraft:spruce_fence":2,"minecraft:sand":1,"minecraft:dirt":1,"minecraft:spruce_leaves":55},"minecraft:dropped":{"minecraft:dirt":2,"minecraft:sugar_cane":2,"minecraft:charcoal":1,"minecraft:spruce_button":1},"minecraft:custom":{"minecraft:time_since_rest":34032,"minecraft:sprint_one_cm":118192,"minecraft:interact_with_furnace":3,"minecraft:damage_taken":535,"minecraft:walk_one_cm":142035,"minecraft:drop":5,"minecraft:talked_to_villager":12,"minecraft:swim_one_cm":6957,"minecraft:interact_with_crafting_table":4,"minecraft:fly_one_cm":239741,"minecraft:open_chest":9,"minecraft:play_time":34709,"minecraft:deaths":1,"minecraft:sneak_time":16,"minecraft:walk_under_water_one_cm":9389,"minecraft:jump":1151,"minecraft:interact_with_grindstone":2,"minecraft:leave_game":3,"minecraft:time_since_death":33995,"minecraft:walk_on_water_one_cm":5471,"minecraft:total_world_time":34709,"minecraft:fall_one_cm":26267},"minecraft:crafted":{"minecraft:spruce_button":1,"minecraft:iron_ingot":6,"minecraft:air":0}},"DataVersion":3955}