{"stats":{"minecraft:picked_up":{"minecraft:crafting_table":1,"minecraft:potato":9,"minecraft:gunpowder":1,"minecraft:dirt":5,"minecraft:red_bed":1,"minecraft:iron_axe":2,"minecraft:spruce_planks":6,"minecraft:iron_ingot":21,"minecraft:rabbit":1,"minecraft:spruce_slab":1,"minecraft:sugar_cane":4,"minecraft:book":34,"minecraft:stick":15,"minecraft:spruce_fence":2,"minecraft:sand":1,"minecraft:spruce_sapling":19,"minecraft:carrot":10,"minecraft:spruce_log":421,"minecraft:arrow":2,"minecraft:rotten_flesh":1,"minecraft:spruce_button":1,"minecraft:baked_potato":13},"minecraft:dropped":{"minecraft:sugar_cane":2,"minecraft:book":36,"minecraft:spruce_button":1,"minecraft:emerald":37,"minecraft:dirt":3,"minecraft:potato":2,"minecraft:gunpowder":1,"minecraft:charcoal":1,"minecraft:spruce_log":360,"minecraft:iron_axe":2},"minecraft:custom":{"minecraft:interact_with_furnace":5,"minecraft:mob_kills":2,"minecraft:traded_with_villager":6,"minecraft:interact_with_crafting_table":9,"minecraft:bell_ring":22,"minecraft:interact_with_grindstone":2,"minecraft:leave_game":7,"minecraft:time_since_death":77023,"minecraft:sleep_in_bed":1,"minecraft:time_since_rest":86,"minecraft:sprint_one_cm":325947,"minecraft:walk_one_cm":214018,"minecraft:damage_taken":762,"minecraft:drop":277,"minecraft:damage_dealt":402,"minecraft:talked_to_villager":73,"minecraft:swim_one_cm":6957,"minecraft:fly_one_cm":509552,"minecraft:open_chest":49,"minecraft:crouch_one_cm":5683,"minecraft:play_time":77737,"minecraft:deaths":1,"minecraft:sneak_time":1906,"minecraft:walk_under_water_one_cm":9389,"minecraft:jump":2238,"minecraft:walk_on_water_one_cm":5545,"minecraft:total_world_time":77737,"minecraft:interact_with_smoker":1,"minecraft:fall_one_cm":54641},"minecraft:broken":{"minecraft:iron_axe":2},"minecraft:crafted":{"minecraft:emerald":6,"minecraft:crafting_table":1,"minecraft:spruce_planks":172,"minecraft:spruce_button":1,"minecraft:air":0,"minecraft:iron_axe":2,"minecraft:stick":208,"minecraft:iron_ingot":6},"minecraft:killed":{"minecraft:zombie":2},"minecraft:mined":{"minecraft:spruce_planks":6,"minecraft:glass_pane":2,"minecraft:red_bed":1,"minecraft:crafting_table":1,"minecraft:grass_block":3,"minecraft:spruce_fence":2,"minecraft:spruce_leaves":147,"minecraft:carrots":3,"minecraft:spruce_log":406,"minecraft:bookshelf":11,"minecraft:potatoes":5,"minecraft:sand":1,"minecraft:dirt":2,"minecraft:spruce_slab":1},"minecraft:used":{"minecraft:spruce_slab":1,"minecraft:baked_potato":12,"minecraft:spruce_planks":5,"minecraft:iron_sword":6,"minecraft:rotten_flesh":1,"minecraft:dirt":2,"minecraft:sand":1,"minecraft:crafting_table":2,"minecraft:red_bed":1,"minecraft:carrot":2,"minecraft:spruce_log":3,"minecraft:iron_axe":579,"minecraft:bread":10,"minecraft:spruce_sapling":7}},"DataVersion":3955}