{"stats":{"minecraft:picked_up":{"minecraft:crafting_table":2,"minecraft:feather":5,"minecraft:chicken":6,"minecraft:leather":5,"minecraft:lead":2,"minecraft:potato":9,"minecraft:gunpowder":1,"minecraft:string":2,"minecraft:dirt":5,"minecraft:red_bed":4,"minecraft:iron_axe":2,"minecraft:beef":3,"minecraft:spruce_planks":6,"minecraft:iron_ingot":21,"minecraft:spruce_slab":1,"minecraft:rabbit":1,"minecraft:sugar_cane":4,"minecraft:furnace":1,"minecraft:egg":2,"minecraft:book":34,"minecraft:stick":15,"minecraft:spruce_fence":2,"minecraft:porkchop":5,"minecraft:sand":1,"minecraft:spruce_sapling":19,"minecraft:carrot":10,"minecraft:spruce_log":421,"minecraft:arrow":2,"minecraft:rotten_flesh":1,"minecraft:spruce_boat":8,"minecraft:spruce_button":1,"minecraft:baked_potato":28,"minecraft:mutton":6,"minecraft:coal":31,"minecraft:white_wool":5,"minecraft:cobblestone":82},"minecraft:dropped":{"minecraft:sugar_cane":2,"minecraft:cooked_beef":3,"minecraft:cooked_porkchop":5,"minecraft:book":36,"minecraft:spruce_button":1,"minecraft:cooked_mutton":5,"minecraft:white_bed":1,"minecraft:emerald":37,"minecraft:dirt":3,"minecraft:potato":2,"minecraft:gunpowder":1,"minecraft:charcoal":1,"minecraft:spruce_log":360,"minecraft:iron_axe":2,"minecraft:string":2},"minecraft:custom":{"minecraft:interact_with_furnace":53,"minecraft:mob_kills":23,"minecraft:traded_with_villager":6,"minecraft:interact_with_crafting_table":21,"minecraft:bell_ring":22,"minecraft:interact_with_grindstone":2,"minecraft:leave_game":7,"minecraft:time_since_death":112997,"minecraft:sleep_in_bed":3,"minecraft:time_since_rest":9868,"minecraft:sprint_one_cm":496816,"minecraft:walk_one_cm":261603,"minecraft:damage_taken":812,"minecraft:drop":282,"minecraft:damage_dealt":2333,"minecraft:talked_to_villager":74,"minecraft:swim_one_cm":10102,"minecraft:fly_one_cm":710035,"minecraft:open_chest":66,"minecraft:crouch_one_cm":15397,"minecraft:play_time":113711,"minecraft:deaths":1,"minecraft:sneak_time":4545,"minecraft:walk_under_water_one_cm":9866,"minecraft:boat_one_cm":167034,"minecraft:jump":3143,"minecraft:walk_on_water_one_cm":8515,"minecraft:interact_with_smoker":1,"minecraft:total_world_time":113711,"minecraft:fall_one_cm":77444},"minecraft:broken":{"minecraft:iron_axe":2},"minecraft:crafted":{"minecraft:cooked_beef":3,"minecraft:emerald":6,"minecraft:cooked_porkchop":13,"minecraft:crafting_table":3,"minecraft:spruce_planks":172,"minecraft:spruce_button":1,"minecraft:cooked_chicken":6,"minecraft:furnace":1,"minecraft:cooked_mutton":5,"minecraft:air":0,"minecraft:iron_axe":2,"minecraft:stick":208,"minecraft:iron_ingot":23,"minecraft:iron_pickaxe":1,"minecraft:iron_block":3,"minecraft:chest":2,"minecraft:white_bed":1,"minecraft:anvil":1,"minecraft:spruce_boat":1},"minecraft:killed":{"minecraft:pig":3,"minecraft:spider":1,"minecraft:wandering_trader":1,"minecraft:sheep":5,"minecraft:trader_llama":2,"minecraft:goat":2,"minecraft:zombie":2,"minecraft:chicken":6,"minecraft:cow":1},"minecraft:mined":{"minecraft:spruce_planks":6,"minecraft:glass_pane":2,"minecraft:red_bed":4,"minecraft:crafting_table":2,"minecraft:short_grass":4,"minecraft:grass_block":3,"minecraft:spruce_fence":2,"minecraft:spruce_leaves":147,"minecraft:furnace":1,"minecraft:carrots":3,"minecraft:spruce_log":406,"minecraft:coal_ore":18,"minecraft:bookshelf":11,"minecraft:potatoes":5,"minecraft:flowering_azalea_leaves":1,"minecraft:sand":1,"minecraft:dirt":2,"minecraft:azalea_leaves":1,"minecraft:stone":82,"minecraft:spruce_slab":1},"minecraft:used":{"minecraft:spruce_slab":1,"minecraft:baked_potato":15,"minecraft:spruce_planks":5,"minecraft:iron_sword":49,"minecraft:rotten_flesh":1,"minecraft:dirt":2,"minecraft:sand":1,"minecraft:anvil":1,"minecraft:crafting_table":4,"minecraft:red_bed":3,"minecraft:carrot":11,"minecraft:spruce_log":3,"minecraft:spruce_boat":8,"minecraft:iron_axe":579,"minecraft:bread":10,"minecraft:iron_pickaxe":101,"minecraft:spruce_sapling":7,"minecraft:cobblestone":10,"minecraft:furnace":1,"minecraft:egg":2}},"DataVersion":3955}