{"stats":{"minecraft:used":{"minecraft:spruce_slab":1,"minecraft:diamond_hoe":40,"minecraft:spruce_planks":13,"minecraft:chest":4,"minecraft:iron_sword":207,"minecraft:cooked_chicken":3,"minecraft:rotten_flesh":8,"minecraft:torch":19,"minecraft:dirt":3,"minecraft:anvil":1,"minecraft:carrot":14,"minecraft:tuff":3,"minecraft:spruce_boat":8,"minecraft:grass_block":1,"minecraft:iron_axe":579,"minecraft:furnace":1,"minecraft:egg":2,"minecraft:cobbled_deepslate":64,"minecraft:baked_potato":17,"minecraft:sand":1,"minecraft:crafting_table":7,"minecraft:red_bed":4,"minecraft:white_bed":4,"minecraft:spruce_log":3,"minecraft:bread":10,"minecraft:iron_pickaxe":246,"minecraft:spruce_sapling":7,"minecraft:gravel":2,"minecraft:stone_axe":35,"minecraft:cobblestone":76},"minecraft:broken":{"minecraft:iron_axe":2},"minecraft:picked_up":{"minecraft:crafting_table":3,"minecraft:azure_bluet":4,"minecraft:chicken":6,"minecraft:lead":4,"minecraft:shield":1,"minecraft:string":2,"minecraft:red_bed":4,"minecraft:iron_axe":4,"minecraft:cobbled_deepslate":190,"minecraft:spruce_planks":57,"minecraft:beef":3,"minecraft:iron_pickaxe":6,"minecraft:spruce_slab":1,"minecraft:sugar_cane":4,"minecraft:chest":4,"minecraft:egg":2,"minecraft:diamond_hoe":1,"minecraft:furnace":2,"minecraft:stick":15,"minecraft:torch":113,"minecraft:spruce_fence":2,"minecraft:porkchop":5,"minecraft:carrot":10,"minecraft:redstone":18,"minecraft:arrow":7,"minecraft:rotten_flesh":18,"minecraft:mutton":6,"minecraft:white_wool":6,"minecraft:cobblestone":88,"minecraft:feather":5,"minecraft:glow_ink_sac":4,"minecraft:leather":10,"minecraft:potato":9,"minecraft:tuff":3,"minecraft:gunpowder":1,"minecraft:dirt":8,"minecraft:bone":5,"minecraft:wheat_seeds":2,"minecraft:iron_ingot":23,"minecraft:cooked_chicken":3,"minecraft:rabbit":1,"minecraft:iron_sword":8,"minecraft:book":34,"minecraft:sculk_catalyst":4,"minecraft:sweet_berries":6,"minecraft:gravel":2,"minecraft:sand":1,"minecraft:spruce_sapling":24,"minecraft:grass_block":3,"minecraft:white_bed":4,"minecraft:spruce_log":421,"minecraft:diamond":21,"minecraft:spruce_boat":12,"minecraft:spruce_button":1,"minecraft:baked_potato":28,"minecraft:coal":31},"minecraft:mined":{"minecraft:tuff":3,"minecraft:spruce_planks":6,"minecraft:white_bed":4,"minecraft:deepslate_diamond_ore":11,"minecraft:sculk_vein":3,"minecraft:grass_block":3,"minecraft:spruce_fence":2,"minecraft:spruce_leaves":147,"minecraft:sculk_catalyst":2,"minecraft:furnace":1,"minecraft:carrots":3,"minecraft:cobbled_deepslate":9,"minecraft:sculk_shrieker":2,"minecraft:bookshelf":11,"minecraft:potatoes":5,"minecraft:flowering_azalea_leaves":1,"minecraft:azalea_leaves":1,"minecraft:stone":82,"minecraft:spruce_slab":1,"minecraft:deepslate_redstone_ore":2,"minecraft:glass_pane":2,"minecraft:red_bed":5,"minecraft:crafting_table":3,"minecraft:short_grass":4,"minecraft:chest":2,"minecraft:sculk_sensor":9,"minecraft:cobblestone":7,"minecraft:sculk":64,"minecraft:spruce_log":406,"minecraft:coal_ore":18,"minecraft:gravel":2,"minecraft:sand":1,"minecraft:dirt":2,"minecraft:deepslate":98},"minecraft:killed":{"minecraft:spider":2,"minecraft:skeleton":3,"minecraft:chicken":6,"minecraft:warden":3,"minecraft:pig":3,"minecraft:zombie_villager":1,"minecraft:wandering_trader":1,"minecraft:sheep":5,"minecraft:trader_llama":2,"minecraft:goat":2,"minecraft:zombie":12,"minecraft:cow":1},"minecraft:killed_by":{"minecraft:warden":13,"minecraft:skeleton":1,"minecraft:zombie":2},"minecraft:dropped":{"minecraft:cooked_beef":3,"minecraft:glow_ink_sac":4,"minecraft:cooked_porkchop":5,"minecraft:cobblestone":5,"minecraft:book":36,"minecraft:spruce_button":1,"minecraft:grass_block":1,"minecraft:emerald":37,"minecraft:dirt":4,"minecraft:iron_axe":2,"minecraft:string":2,"minecraft:bone":4,"minecraft:sugar_cane":2,"minecraft:rotten_flesh":1,"minecraft:cooked_mutton":5,"minecraft:white_bed":2,"minecraft:potato":2,"minecraft:gunpowder":1,"minecraft:charcoal":1,"minecraft:spruce_log":360,"minecraft:arrow":4},"minecraft:custom":{"minecraft:mob_kills":41,"minecraft:interact_with_crafting_table":29,"minecraft:bell_ring":22,"minecraft:leave_game":12,"minecraft:time_since_death":3925,"minecraft:sprint_one_cm":708008,"minecraft:walk_one_cm":433465,"minecraft:drop":294,"minecraft:talked_to_villager":74,"minecraft:play_time":196952,"minecraft:deaths":17,"minecraft:sneak_time":32287,"minecraft:walk_under_water_one_cm":19946,"minecraft:boat_one_cm":167034,"minecraft:jump":4723,"minecraft:walk_on_water_one_cm":27972,"minecraft:total_world_time":196952,"minecraft:interact_with_furnace":53,"minecraft:traded_with_villager":6,"minecraft:interact_with_grindstone":2,"minecraft:sleep_in_bed":8,"minecraft:time_since_rest":3953,"minecraft:damage_taken":5871,"minecraft:damage_dealt":12874,"minecraft:swim_one_cm":11015,"minecraft:fly_one_cm":897989,"minecraft:open_chest":127,"minecraft:crouch_one_cm":115282,"minecraft:interact_with_smoker":1,"minecraft:fall_one_cm":109809},"minecraft:crafted":{"minecraft:diamond_hoe":1,"minecraft:spruce_button":1,"minecraft:cooked_chicken":6,"minecraft:furnace":1,"minecraft:cooked_mutton":5,"minecraft:iron_axe":2,"minecraft:chest":2,"minecraft:spruce_boat":1,"minecraft:cooked_beef":3,"minecraft:emerald":6,"minecraft:cooked_porkchop":13,"minecraft:crafting_table":4,"minecraft:spruce_planks":172,"minecraft:air":0,"minecraft:stick":208,"minecraft:iron_ingot":23,"minecraft:iron_pickaxe":1,"minecraft:iron_block":3,"minecraft:anvil":1,"minecraft:white_bed":2,"minecraft:torch":52}},"DataVersion":3955}