{"stats":{"minecraft:picked_up":{"minecraft:crafting_table":1,"minecraft:leather":4,"minecraft:lead":2,"minecraft:potato":9,"minecraft:gunpowder":1,"minecraft:string":2,"minecraft:dirt":5,"minecraft:red_bed":3,"minecraft:iron_axe":2,"minecraft:spruce_planks":6,"minecraft:iron_ingot":21,"minecraft:spruce_slab":1,"minecraft:rabbit":1,"minecraft:sugar_cane":4,"minecraft:book":34,"minecraft:stick":15,"minecraft:spruce_fence":2,"minecraft:sand":1,"minecraft:spruce_sapling":19,"minecraft:carrot":10,"minecraft:spruce_log":421,"minecraft:arrow":2,"minecraft:rotten_flesh":1,"minecraft:spruce_boat":8,"minecraft:spruce_button":1,"minecraft:baked_potato":28,"minecraft:mutton":5,"minecraft:white_wool":4,"minecraft:cobblestone":66},"minecraft:dropped":{"minecraft:sugar_cane":2,"minecraft:book":36,"minecraft:spruce_button":1,"minecraft:emerald":37,"minecraft:dirt":3,"minecraft:potato":2,"minecraft:gunpowder":1,"minecraft:charcoal":1,"minecraft:spruce_log":360,"minecraft:iron_axe":2,"minecraft:string":2},"minecraft:custom":{"minecraft:interact_with_furnace":32,"minecraft:mob_kills":10,"minecraft:traded_with_villager":6,"minecraft:interact_with_crafting_table":17,"minecraft:bell_ring":22,"minecraft:interact_with_grindstone":2,"minecraft:leave_game":7,"minecraft:time_since_death":100997,"minecraft:sleep_in_bed":2,"minecraft:time_since_rest":10973,"minecraft:sprint_one_cm":446644,"minecraft:walk_one_cm":243348,"minecraft:damage_taken":812,"minecraft:drop":278,"minecraft:damage_dealt":1503,"minecraft:talked_to_villager":74,"minecraft:swim_one_cm":10102,"minecraft:fly_one_cm":639098,"minecraft:open_chest":66,"minecraft:crouch_one_cm":10394,"minecraft:play_time":101711,"minecraft:deaths":1,"minecraft:sneak_time":3223,"minecraft:walk_under_water_one_cm":9866,"minecraft:boat_one_cm":167034,"minecraft:jump":2799,"minecraft:walk_on_water_one_cm":8515,"minecraft:interact_with_smoker":1,"minecraft:total_world_time":101711,"minecraft:fall_one_cm":67128},"minecraft:broken":{"minecraft:iron_axe":2},"minecraft:crafted":{"minecraft:emerald":6,"minecraft:crafting_table":1,"minecraft:spruce_planks":172,"minecraft:spruce_button":1,"minecraft:air":0,"minecraft:iron_axe":2,"minecraft:stick":208,"minecraft:iron_ingot":23,"minecraft:iron_pickaxe":1,"minecraft:iron_block":3,"minecraft:anvil":1,"minecraft:spruce_boat":1},"minecraft:killed":{"minecraft:spider":1,"minecraft:wandering_trader":1,"minecraft:sheep":4,"minecraft:trader_llama":2,"minecraft:zombie":2},"minecraft:mined":{"minecraft:spruce_planks":6,"minecraft:glass_pane":2,"minecraft:red_bed":3,"minecraft:crafting_table":1,"minecraft:grass_block":3,"minecraft:spruce_fence":2,"minecraft:spruce_leaves":147,"minecraft:carrots":3,"minecraft:spruce_log":406,"minecraft:bookshelf":11,"minecraft:potatoes":5,"minecraft:flowering_azalea_leaves":1,"minecraft:sand":1,"minecraft:dirt":2,"minecraft:azalea_leaves":1,"minecraft:stone":66,"minecraft:spruce_slab":1},"minecraft:used":{"minecraft:spruce_slab":1,"minecraft:baked_potato":15,"minecraft:spruce_planks":5,"minecraft:iron_sword":27,"minecraft:rotten_flesh":1,"minecraft:dirt":2,"minecraft:sand":1,"minecraft:anvil":1,"minecraft:crafting_table":2,"minecraft:red_bed":2,"minecraft:carrot":8,"minecraft:spruce_log":3,"minecraft:spruce_boat":8,"minecraft:iron_axe":579,"minecraft:bread":10,"minecraft:iron_pickaxe":66,"minecraft:spruce_sapling":7,"minecraft:cobblestone":10}},"DataVersion":3955}