{"stats":{"minecraft:used":{"minecraft:dirt":2,"minecraft:iron_axe":50,"minecraft:baked_potato":4},"minecraft:picked_up":{"minecraft:iron_axe":1,"minecraft:spruce_planks":2,"minecraft:iron_ingot":21,"minecraft:spruce_sapling":1,"minecraft:spruce_log":33,"minecraft:baked_potato":13,"minecraft:sugar_cane":2,"minecraft:dirt":4},"minecraft:mined":{"minecraft:grass_block":3,"minecraft:spruce_planks":2,"minecraft:dirt":1,"minecraft:spruce_log":35,"minecraft:spruce_leaves":14},"minecraft:dropped":{"minecraft:dirt":2,"minecraft:charcoal":1},"minecraft:custom":{"minecraft:open_chest":1,"minecraft:time_since_rest":18695,"minecraft:play_time":19372,"minecraft:interact_with_furnace":2,"minecraft:sprint_one_cm":42103,"minecraft:deaths":1,"minecraft:damage_taken":425,"minecraft:walk_one_cm":116859,"minecraft:sneak_time":16,"minecraft:walk_under_water_one_cm":9389,"minecraft:drop":3,"minecraft:jump":676,"minecraft:leave_game":2,"minecraft:walk_on_water_one_cm":5471,"minecraft:time_since_death":18658,"minecraft:total_world_time":19372,"minecraft:talked_to_villager":4,"minecraft:fall_one_cm":13405,"minecraft:interact_with_crafting_table":4,"minecraft:swim_one_cm":6957,"minecraft:fly_one_cm":112305},"minecraft:crafted":{"minecraft:spruce_button":1,"minecraft:iron_ingot":6,"minecraft:air":0}},"DataVersion":3955}