{"stats":{"minecraft:used":{"minecraft:cooked_mutton":1,"minecraft:water_bucket":7,"minecraft:stone_pickaxe":253,"minecraft:shield":8,"minecraft:wooden_pickaxe":40,"minecraft:iron_sword":27,"minecraft:cooked_chicken":1,"minecraft:torch":22,"minecraft:dirt":10,"minecraft:crafting_table":11,"minecraft:white_bed":1,"minecraft:spruce_boat":7,"minecraft:wooden_axe":36,"minecraft:wooden_sword":53,"minecraft:cobblestone":40,"minecraft:sweet_berries":13,"minecraft:furnace":15,"minecraft:oak_sapling":1,"minecraft:cooked_porkchop":11,"minecraft:porkchop":1,"minecraft:andesite":4,"minecraft:bucket":8,"minecraft:oak_boat":2,"minecraft:gray_wool":1},"minecraft:picked_up":{"minecraft:crafting_table":11,"minecraft:feather":5,"minecraft:cooked_beef":12,"minecraft:chicken":4,"minecraft:andesite":4,"minecraft:leather":10,"minecraft:wooden_pickaxe":1,"minecraft:oak_log":15,"minecraft:dirt":10,"minecraft:string":14,"minecraft:lapis_lazuli":74,"minecraft:raw_copper":2,"minecraft:bone":2,"minecraft:wheat_seeds":1,"minecraft:beef":12,"minecraft:oak_boat":2,"minecraft:oak_planks":2,"minecraft:furnace":15,"minecraft:raw_iron":74,"minecraft:cooked_porkchop":7,"minecraft:sweet_berries":20,"minecraft:oak_fence":2,"minecraft:torch":1,"minecraft:porkchop":24,"minecraft:white_bed":1,"minecraft:spruce_log":3,"minecraft:arrow":2,"minecraft:spruce_boat":7,"minecraft:gray_wool":2,"minecraft:oak_sapling":1,"minecraft:mutton":5,"minecraft:coal":316,"minecraft:rail":2,"minecraft:white_wool":3,"minecraft:cobblestone":82},"minecraft:broken":{"minecraft:stone_pickaxe":1,"minecraft:wooden_sword":1},"minecraft:mined":{"minecraft:white_bed":1,"minecraft:powder_snow":7,"minecraft:crafting_table":11,"minecraft:torch":1,"minecraft:short_grass":8,"minecraft:grass_block":4,"minecraft:copper_ore":1,"minecraft:cobblestone":1,"minecraft:spruce_leaves":2,"minecraft:lapis_ore":11,"minecraft:spawner":1,"minecraft:gray_wool":1,"minecraft:furnace":15,"minecraft:iron_ore":74,"minecraft:sweet_berry_bush":8,"minecraft:spruce_log":3,"minecraft:andesite":5,"minecraft:oak_log":15,"minecraft:coal_ore":98,"minecraft:deepslate_iron_ore":1,"minecraft:rail":1,"minecraft:dirt":6,"minecraft:cobweb":10,"minecraft:stone":76,"minecraft:oak_leaves":12},"minecraft:killed":{"minecraft:pig":10,"minecraft:spider":3,"minecraft:sheep":4,"minecraft:skeleton":4,"minecraft:zombie":1,"minecraft:donkey":1,"minecraft:chicken":4,"minecraft:cow":6},"minecraft:killed_by":{"minecraft:skeleton":1},"minecraft:dropped":{"minecraft:sweet_berries":1,"minecraft:wheat_seeds":1,"minecraft:lapis_lazuli":10,"minecraft:raw_copper":2,"minecraft:coal":6,"minecraft:wooden_pickaxe":2},"minecraft:custom":{"minecraft:interact_with_furnace":91,"minecraft:mob_kills":33,"minecraft:interact_with_crafting_table":23,"minecraft:leave_game":20,"minecraft:time_since_death":19066,"minecraft:time_since_rest":19185,"minecraft:sprint_one_cm":341094,"minecraft:damage_taken":3227,"minecraft:walk_one_cm":143273,"minecraft:damage_blocked_by_shield":280,"minecraft:drop":7,"minecraft:damage_dealt":3719,"minecraft:swim_one_cm":28976,"minecraft:fly_one_cm":367667,"minecraft:crouch_one_cm":43718,"minecraft:play_time":97986,"minecraft:sneak_time":12928,"minecraft:deaths":4,"minecraft:walk_under_water_one_cm":7178,"minecraft:boat_one_cm":190650,"minecraft:jump":1975,"minecraft:walk_on_water_one_cm":12711,"minecraft:total_world_time":97986,"minecraft:fall_one_cm":77011},"minecraft:crafted":{"minecraft:wooden_sword":1,"minecraft:oak_planks":60,"minecraft:cooked_porkchop":16,"minecraft:crafting_table":2,"minecraft:spruce_planks":12,"minecraft:wooden_pickaxe":1,"minecraft:cooked_chicken":4,"minecraft:iron_helmet":1,"minecraft:iron_sword":1,"minecraft:furnace":4,"minecraft:bucket":1,"minecraft:cooked_mutton":5,"minecraft:air":0,"minecraft:oak_boat":1,"minecraft:iron_chestplate":1,"minecraft:shield":1,"minecraft:stick":28,"minecraft:iron_ingot":18,"minecraft:stone_pickaxe":2,"minecraft:wooden_axe":1,"minecraft:white_bed":1,"minecraft:spruce_boat":1,"minecraft:torch":52}},"DataVersion":3955}