{"stats":{"minecraft:used":{"minecraft:diamond_hoe":503,"minecraft:shield":32,"minecraft:iron_sword":27,"minecraft:cooked_chicken":1,"minecraft:torch":155,"minecraft:dirt":13,"minecraft:spruce_boat":7,"minecraft:wooden_axe":78,"minecraft:iron_axe":108,"minecraft:birch_sapling":1,"minecraft:bow":8,"minecraft:sweet_berries":52,"minecraft:furnace":27,"minecraft:oak_sapling":1,"minecraft:cooked_beef":14,"minecraft:cobbled_deepslate":50,"minecraft:cooked_mutton":7,"minecraft:water_bucket":39,"minecraft:stone_pickaxe":513,"minecraft:wooden_pickaxe":44,"minecraft:white_wool":1,"minecraft:crafting_table":27,"minecraft:white_bed":4,"minecraft:chicken":1,"minecraft:iron_pickaxe":405,"minecraft:gravel":1,"minecraft:stone_axe":72,"minecraft:wooden_sword":53,"minecraft:cobblestone":127,"minecraft:porkchop":2,"minecraft:cooked_porkchop":18,"minecraft:andesite":4,"minecraft:bucket":41,"minecraft:oak_boat":7,"minecraft:gray_wool":1},"minecraft:broken":{"minecraft:stone_pickaxe":3,"minecraft:wooden_sword":1,"minecraft:stone_axe":1,"minecraft:iron_pickaxe":1,"minecraft:wooden_axe":1},"minecraft:picked_up":{"minecraft:crafting_table":27,"minecraft:chicken":18,"minecraft:wooden_pickaxe":1,"minecraft:string":18,"minecraft:raw_copper":2,"minecraft:iron_axe":1,"minecraft:cobbled_deepslate":103,"minecraft:beef":26,"minecraft:oak_boat":7,"minecraft:birch_sapling":1,"minecraft:furnace":27,"minecraft:raw_iron":241,"minecraft:oak_fence":2,"minecraft:torch":11,"minecraft:porkchop":36,"minecraft:arrow":18,"minecraft:rotten_flesh":20,"minecraft:mutton":38,"minecraft:rail":2,"minecraft:white_wool":24,"minecraft:cobblestone":210,"minecraft:feather":18,"minecraft:cooked_beef":13,"minecraft:andesite":19,"minecraft:leather":15,"minecraft:brown_wool":1,"minecraft:tuff":2,"minecraft:oak_log":44,"minecraft:gunpowder":2,"minecraft:lapis_lazuli":152,"minecraft:dirt":13,"minecraft:bone":17,"minecraft:bow":2,"minecraft:wheat_seeds":1,"minecraft:raw_gold":38,"minecraft:iron_ingot":25,"minecraft:oak_planks":2,"minecraft:cooked_porkchop":7,"minecraft:sweet_berries":58,"minecraft:gravel":2,"minecraft:white_bed":3,"minecraft:spruce_log":4,"minecraft:spider_eye":1,"minecraft:diamond":57,"minecraft:spruce_boat":7,"minecraft:granite":9,"minecraft:gray_wool":2,"minecraft:oak_sapling":2,"minecraft:black_wool":1,"minecraft:coal":443},"minecraft:mined":{"minecraft:tuff":2,"minecraft:white_bed":3,"minecraft:deepslate_diamond_ore":56,"minecraft:sculk_vein":21,"minecraft:glow_lichen":2,"minecraft:grass_block":6,"minecraft:spruce_leaves":6,"minecraft:spawner":1,"minecraft:sculk_catalyst":4,"minecraft:furnace":27,"minecraft:iron_ore":193,"minecraft:cobbled_deepslate":1,"minecraft:andesite":21,"minecraft:deepslate_lapis_ore":8,"minecraft:rail":1,"minecraft:deepslate_iron_ore":50,"minecraft:stone":202,"minecraft:amethyst_cluster":1,"minecraft:powder_snow":8,"minecraft:crafting_table":27,"minecraft:torch":5,"minecraft:short_grass":18,"minecraft:calcite":4,"minecraft:sculk_sensor":6,"minecraft:tall_grass":1,"minecraft:copper_ore":1,"minecraft:cobblestone":3,"minecraft:deepslate_gold_ore":39,"minecraft:lapis_ore":14,"minecraft:sculk":483,"minecraft:wall_torch":4,"minecraft:amethyst_block":2,"minecraft:gray_wool":1,"minecraft:sweet_berry_bush":24,"minecraft:spruce_log":4,"minecraft:birch_leaves":3,"minecraft:coal_ore":193,"minecraft:oak_log":44,"minecraft:gravel":1,"minecraft:dirt":7,"minecraft:cobweb":10,"minecraft:smooth_basalt":1,"minecraft:gold_ore":1,"minecraft:oak_leaves":17,"minecraft:deepslate":111,"minecraft:fern":1},"minecraft:killed":{"minecraft:spider":5,"minecraft:skeleton":17,"minecraft:chicken":18,"minecraft:drowned":1,"minecraft:pig":16,"minecraft:creeper":2,"minecraft:sheep":30,"minecraft:zombie":25,"minecraft:donkey":1,"minecraft:cow":14},"minecraft:killed_by":{"minecraft:skeleton":1},"minecraft:dropped":{"minecraft:wheat_seeds":1,"minecraft:lapis_lazuli":24,"minecraft:crafting_table":1,"minecraft:coal":6,"minecraft:brown_wool":1,"minecraft:iron_axe":1,"minecraft:gravel":1,"minecraft:sweet_berries":1,"minecraft:cooked_chicken":7,"minecraft:raw_copper":2,"minecraft:diamond_hoe":1,"minecraft:oak_sapling":1,"minecraft:spider_eye":1,"minecraft:spruce_log":1,"minecraft:bow":1,"minecraft:wooden_pickaxe":3,"minecraft:black_wool":1},"minecraft:custom":{"minecraft:mob_kills":135,"minecraft:interact_with_crafting_table":54,"minecraft:leave_game":39,"minecraft:time_since_death":154683,"minecraft:sprint_one_cm":975022,"minecraft:walk_one_cm":418736,"minecraft:damage_blocked_by_shield":1015,"minecraft:drop":20,"minecraft:play_time":257988,"minecraft:deaths":5,"minecraft:sneak_time":54466,"minecraft:walk_under_water_one_cm":58286,"minecraft:boat_one_cm":326524,"minecraft:jump":5534,"minecraft:walk_on_water_one_cm":60338,"minecraft:total_world_time":257988,"minecraft:interact_with_furnace":158,"minecraft:sleep_in_bed":2,"minecraft:time_since_rest":63065,"minecraft:damage_taken":5182,"minecraft:damage_dealt":16123,"minecraft:fly_one_cm":953537,"minecraft:swim_one_cm":70375,"minecraft:open_chest":5,"minecraft:crouch_one_cm":177436,"minecraft:fall_one_cm":181034},"minecraft:crafted":{"minecraft:wooden_sword":1,"minecraft:oak_planks":176,"minecraft:diamond_hoe":1,"minecraft:cooked_chicken":11,"minecraft:furnace":8,"minecraft:cooked_mutton":11,"minecraft:iron_boots":1,"minecraft:iron_axe":1,"minecraft:stone_pickaxe":4,"minecraft:spruce_boat":1,"minecraft:cooked_beef":13,"minecraft:cooked_porkchop":25,"minecraft:crafting_table":4,"minecraft:spruce_planks":12,"minecraft:wooden_pickaxe":2,"minecraft:iron_helmet":2,"minecraft:iron_sword":1,"minecraft:bucket":2,"minecraft:stone_axe":1,"minecraft:air":0,"minecraft:oak_boat":2,"minecraft:iron_chestplate":2,"minecraft:shield":2,"minecraft:stick":100,"minecraft:iron_ingot":33,"minecraft:iron_pickaxe":2,"minecraft:wooden_axe":2,"minecraft:iron_leggings":1,"minecraft:white_bed":2,"minecraft:torch":176}},"DataVersion":3955}