{"stats":{"minecraft:used":{"minecraft:shield":30,"minecraft:iron_sword":27,"minecraft:cooked_chicken":1,"minecraft:torch":98,"minecraft:dirt":13,"minecraft:spruce_boat":7,"minecraft:wooden_axe":78,"minecraft:iron_axe":51,"minecraft:birch_sapling":1,"minecraft:bow":8,"minecraft:sweet_berries":52,"minecraft:oak_sapling":1,"minecraft:furnace":27,"minecraft:cooked_beef":14,"minecraft:cooked_mutton":1,"minecraft:water_bucket":17,"minecraft:stone_pickaxe":513,"minecraft:wooden_pickaxe":44,"minecraft:white_wool":1,"minecraft:crafting_table":25,"minecraft:white_bed":3,"minecraft:chicken":1,"minecraft:iron_pickaxe":215,"minecraft:stone_axe":72,"minecraft:wooden_sword":53,"minecraft:cobblestone":113,"minecraft:porkchop":2,"minecraft:cooked_porkchop":11,"minecraft:andesite":4,"minecraft:bucket":19,"minecraft:oak_boat":7,"minecraft:gray_wool":1},"minecraft:broken":{"minecraft:stone_pickaxe":3,"minecraft:wooden_sword":1,"minecraft:stone_axe":1,"minecraft:wooden_axe":1},"minecraft:picked_up":{"minecraft:crafting_table":25,"minecraft:chicken":18,"minecraft:wooden_pickaxe":1,"minecraft:string":16,"minecraft:raw_copper":2,"minecraft:iron_axe":1,"minecraft:cobbled_deepslate":43,"minecraft:beef":26,"minecraft:oak_boat":7,"minecraft:birch_sapling":1,"minecraft:furnace":27,"minecraft:raw_iron":185,"minecraft:oak_fence":2,"minecraft:torch":8,"minecraft:porkchop":36,"minecraft:arrow":14,"minecraft:rotten_flesh":11,"minecraft:mutton":38,"minecraft:white_wool":24,"minecraft:rail":2,"minecraft:cobblestone":206,"minecraft:feather":18,"minecraft:cooked_beef":13,"minecraft:andesite":19,"minecraft:leather":15,"minecraft:brown_wool":1,"minecraft:oak_log":44,"minecraft:gunpowder":2,"minecraft:lapis_lazuli":152,"minecraft:dirt":13,"minecraft:bone":13,"minecraft:bow":1,"minecraft:wheat_seeds":1,"minecraft:raw_gold":7,"minecraft:iron_ingot":24,"minecraft:oak_planks":2,"minecraft:cooked_porkchop":7,"minecraft:sweet_berries":58,"minecraft:gravel":1,"minecraft:white_bed":2,"minecraft:spruce_log":4,"minecraft:spider_eye":1,"minecraft:diamond":39,"minecraft:spruce_boat":7,"minecraft:granite":8,"minecraft:gray_wool":2,"minecraft:oak_sapling":2,"minecraft:black_wool":1,"minecraft:coal":443},"minecraft:mined":{"minecraft:white_bed":2,"minecraft:deepslate_diamond_ore":39,"minecraft:glow_lichen":2,"minecraft:grass_block":6,"minecraft:spruce_leaves":6,"minecraft:spawner":1,"minecraft:furnace":27,"minecraft:iron_ore":157,"minecraft:andesite":21,"minecraft:deepslate_lapis_ore":8,"minecraft:deepslate_iron_ore":29,"minecraft:rail":1,"minecraft:stone":202,"minecraft:powder_snow":8,"minecraft:crafting_table":25,"minecraft:torch":5,"minecraft:short_grass":18,"minecraft:tall_grass":1,"minecraft:copper_ore":1,"minecraft:cobblestone":1,"minecraft:deepslate_gold_ore":8,"minecraft:lapis_ore":14,"minecraft:wall_torch":2,"minecraft:gray_wool":1,"minecraft:sweet_berry_bush":24,"minecraft:spruce_log":4,"minecraft:birch_leaves":3,"minecraft:oak_log":44,"minecraft:coal_ore":193,"minecraft:gravel":1,"minecraft:dirt":7,"minecraft:cobweb":10,"minecraft:oak_leaves":17,"minecraft:deepslate":51,"minecraft:fern":1},"minecraft:killed":{"minecraft:spider":4,"minecraft:skeleton":13,"minecraft:chicken":18,"minecraft:pig":16,"minecraft:sheep":30,"minecraft:donkey":1,"minecraft:zombie":14,"minecraft:cow":14},"minecraft:killed_by":{"minecraft:skeleton":1},"minecraft:dropped":{"minecraft:wheat_seeds":1,"minecraft:lapis_lazuli":24,"minecraft:crafting_table":1,"minecraft:coal":6,"minecraft:brown_wool":1,"minecraft:iron_axe":1,"minecraft:gravel":1,"minecraft:sweet_berries":1,"minecraft:raw_copper":2,"minecraft:oak_sapling":1,"minecraft:spider_eye":1,"minecraft:spruce_log":1,"minecraft:bow":1,"minecraft:wooden_pickaxe":3,"minecraft:black_wool":1},"minecraft:custom":{"minecraft:mob_kills":114,"minecraft:interact_with_crafting_table":52,"minecraft:leave_game":29,"minecraft:time_since_death":92802,"minecraft:sprint_one_cm":716727,"minecraft:walk_one_cm":299089,"minecraft:damage_blocked_by_shield":940,"minecraft:drop":18,"minecraft:play_time":196107,"minecraft:walk_under_water_one_cm":45985,"minecraft:deaths":5,"minecraft:sneak_time":31471,"minecraft:boat_one_cm":326524,"minecraft:jump":4144,"minecraft:walk_on_water_one_cm":48281,"minecraft:total_world_time":196107,"minecraft:interact_with_furnace":158,"minecraft:sleep_in_bed":2,"minecraft:time_since_rest":1184,"minecraft:damage_taken":4368,"minecraft:damage_dealt":12408,"minecraft:swim_one_cm":67247,"minecraft:fly_one_cm":753408,"minecraft:crouch_one_cm":99066,"minecraft:fall_one_cm":144134},"minecraft:crafted":{"minecraft:wooden_sword":1,"minecraft:oak_planks":176,"minecraft:cooked_chicken":11,"minecraft:furnace":8,"minecraft:cooked_mutton":11,"minecraft:iron_boots":1,"minecraft:iron_axe":1,"minecraft:stone_pickaxe":4,"minecraft:spruce_boat":1,"minecraft:cooked_beef":13,"minecraft:cooked_porkchop":25,"minecraft:crafting_table":4,"minecraft:spruce_planks":12,"minecraft:wooden_pickaxe":2,"minecraft:iron_helmet":2,"minecraft:iron_sword":1,"minecraft:bucket":2,"minecraft:stone_axe":1,"minecraft:air":0,"minecraft:oak_boat":2,"minecraft:iron_chestplate":2,"minecraft:shield":2,"minecraft:stick":100,"minecraft:iron_ingot":33,"minecraft:iron_pickaxe":1,"minecraft:wooden_axe":2,"minecraft:iron_leggings":1,"minecraft:white_bed":2,"minecraft:torch":160}},"DataVersion":3955}