{"stats":{"minecraft:used":{"minecraft:cooked_mutton":1,"minecraft:water_bucket":9,"minecraft:stone_pickaxe":509,"minecraft:shield":19,"minecraft:wooden_pickaxe":44,"minecraft:iron_sword":27,"minecraft:cooked_chicken":1,"minecraft:white_wool":1,"minecraft:torch":70,"minecraft:dirt":13,"minecraft:crafting_table":23,"minecraft:white_bed":1,"minecraft:spruce_boat":7,"minecraft:wooden_axe":78,"minecraft:chicken":1,"minecraft:iron_pickaxe":158,"minecraft:birch_sapling":1,"minecraft:wooden_sword":53,"minecraft:stone_axe":66,"minecraft:cobblestone":107,"minecraft:sweet_berries":52,"minecraft:cooked_porkchop":11,"minecraft:furnace":27,"minecraft:oak_sapling":1,"minecraft:porkchop":2,"minecraft:bucket":11,"minecraft:andesite":4,"minecraft:oak_boat":6,"minecraft:cooked_beef":8,"minecraft:gray_wool":1},"minecraft:picked_up":{"minecraft:crafting_table":23,"minecraft:feather":13,"minecraft:cooked_beef":13,"minecraft:chicken":12,"minecraft:andesite":17,"minecraft:leather":15,"minecraft:wooden_pickaxe":1,"minecraft:oak_log":44,"minecraft:lapis_lazuli":152,"minecraft:string":14,"minecraft:dirt":13,"minecraft:raw_copper":2,"minecraft:bone":12,"minecraft:bow":1,"minecraft:wheat_seeds":1,"minecraft:cobbled_deepslate":43,"minecraft:raw_gold":7,"minecraft:iron_ingot":24,"minecraft:beef":26,"minecraft:oak_boat":6,"minecraft:birch_sapling":1,"minecraft:oak_planks":2,"minecraft:furnace":27,"minecraft:raw_iron":148,"minecraft:cooked_porkchop":7,"minecraft:sweet_berries":58,"minecraft:oak_fence":2,"minecraft:torch":3,"minecraft:gravel":1,"minecraft:porkchop":36,"minecraft:white_bed":1,"minecraft:spruce_log":4,"minecraft:spider_eye":1,"minecraft:arrow":10,"minecraft:rotten_flesh":7,"minecraft:diamond":39,"minecraft:spruce_boat":7,"minecraft:granite":8,"minecraft:gray_wool":2,"minecraft:oak_sapling":1,"minecraft:rail":2,"minecraft:mutton":14,"minecraft:coal":421,"minecraft:white_wool":9,"minecraft:cobblestone":204},"minecraft:broken":{"minecraft:stone_pickaxe":2,"minecraft:wooden_sword":1,"minecraft:wooden_axe":1},"minecraft:mined":{"minecraft:white_bed":1,"minecraft:deepslate_diamond_ore":39,"minecraft:powder_snow":8,"minecraft:glow_lichen":2,"minecraft:crafting_table":23,"minecraft:torch":1,"minecraft:short_grass":12,"minecraft:grass_block":6,"minecraft:copper_ore":1,"minecraft:cobblestone":1,"minecraft:spruce_leaves":6,"minecraft:lapis_ore":14,"minecraft:deepslate_gold_ore":8,"minecraft:wall_torch":2,"minecraft:spawner":1,"minecraft:gray_wool":1,"minecraft:furnace":27,"minecraft:iron_ore":120,"minecraft:sweet_berry_bush":24,"minecraft:spruce_log":4,"minecraft:birch_leaves":3,"minecraft:andesite":19,"minecraft:deepslate_lapis_ore":8,"minecraft:coal_ore":174,"minecraft:oak_log":44,"minecraft:deepslate_iron_ore":29,"minecraft:rail":1,"minecraft:gravel":1,"minecraft:dirt":7,"minecraft:cobweb":10,"minecraft:stone":200,"minecraft:oak_leaves":15,"minecraft:deepslate":51,"minecraft:fern":1},"minecraft:killed":{"minecraft:pig":15,"minecraft:spider":4,"minecraft:sheep":10,"minecraft:skeleton":11,"minecraft:zombie":9,"minecraft:donkey":1,"minecraft:chicken":12,"minecraft:cow":14},"minecraft:killed_by":{"minecraft:skeleton":1},"minecraft:dropped":{"minecraft:sweet_berries":1,"minecraft:wheat_seeds":1,"minecraft:lapis_lazuli":24,"minecraft:raw_copper":2,"minecraft:crafting_table":1,"minecraft:coal":6,"minecraft:spruce_log":1,"minecraft:wooden_pickaxe":3},"minecraft:custom":{"minecraft:interact_with_furnace":158,"minecraft:mob_kills":79,"minecraft:interact_with_crafting_table":48,"minecraft:leave_game":27,"minecraft:time_since_death":71677,"minecraft:time_since_rest":71776,"minecraft:sprint_one_cm":594824,"minecraft:damage_taken":4135,"minecraft:walk_one_cm":255538,"minecraft:damage_blocked_by_shield":555,"minecraft:drop":11,"minecraft:damage_dealt":9230,"minecraft:swim_one_cm":65801,"minecraft:fly_one_cm":629693,"minecraft:crouch_one_cm":89710,"minecraft:play_time":174982,"minecraft:deaths":5,"minecraft:sneak_time":28854,"minecraft:walk_under_water_one_cm":43704,"minecraft:boat_one_cm":287328,"minecraft:jump":3570,"minecraft:walk_on_water_one_cm":46595,"minecraft:total_world_time":174982,"minecraft:fall_one_cm":127220},"minecraft:crafted":{"minecraft:cooked_beef":13,"minecraft:wooden_sword":1,"minecraft:oak_planks":176,"minecraft:cooked_porkchop":25,"minecraft:crafting_table":4,"minecraft:spruce_planks":12,"minecraft:cooked_chicken":11,"minecraft:iron_helmet":2,"minecraft:wooden_pickaxe":2,"minecraft:iron_sword":1,"minecraft:furnace":8,"minecraft:bucket":2,"minecraft:stone_axe":1,"minecraft:cooked_mutton":11,"minecraft:air":0,"minecraft:oak_boat":2,"minecraft:iron_chestplate":2,"minecraft:iron_boots":1,"minecraft:shield":2,"minecraft:stick":56,"minecraft:iron_ingot":33,"minecraft:iron_pickaxe":1,"minecraft:stone_pickaxe":4,"minecraft:wooden_axe":2,"minecraft:spruce_boat":1,"minecraft:iron_leggings":1,"minecraft:white_bed":1,"minecraft:torch":104}},"DataVersion":3955}