{"stats":{"minecraft:used":{"minecraft:cooked_mutton":1,"minecraft:water_bucket":7,"minecraft:stone_pickaxe":257,"minecraft:shield":8,"minecraft:wooden_pickaxe":44,"minecraft:iron_sword":27,"minecraft:cooked_chicken":1,"minecraft:white_wool":1,"minecraft:torch":22,"minecraft:dirt":13,"minecraft:crafting_table":16,"minecraft:white_bed":1,"minecraft:spruce_boat":7,"minecraft:wooden_axe":78,"minecraft:chicken":1,"minecraft:birch_sapling":1,"minecraft:stone_axe":11,"minecraft:wooden_sword":53,"minecraft:cobblestone":40,"minecraft:sweet_berries":41,"minecraft:cooked_porkchop":11,"minecraft:furnace":15,"minecraft:oak_sapling":1,"minecraft:porkchop":2,"minecraft:bucket":8,"minecraft:andesite":4,"minecraft:oak_boat":6,"minecraft:gray_wool":1},"minecraft:picked_up":{"minecraft:crafting_table":16,"minecraft:feather":13,"minecraft:cooked_beef":12,"minecraft:chicken":12,"minecraft:andesite":4,"minecraft:leather":15,"minecraft:wooden_pickaxe":1,"minecraft:oak_log":44,"minecraft:string":14,"minecraft:dirt":13,"minecraft:lapis_lazuli":74,"minecraft:raw_copper":2,"minecraft:bone":2,"minecraft:wheat_seeds":1,"minecraft:beef":26,"minecraft:oak_boat":6,"minecraft:birch_sapling":1,"minecraft:oak_planks":2,"minecraft:furnace":15,"minecraft:raw_iron":74,"minecraft:cooked_porkchop":7,"minecraft:sweet_berries":58,"minecraft:oak_fence":2,"minecraft:torch":1,"minecraft:porkchop":36,"minecraft:white_bed":1,"minecraft:spruce_log":4,"minecraft:arrow":2,"minecraft:spruce_boat":7,"minecraft:gray_wool":2,"minecraft:oak_sapling":1,"minecraft:mutton":11,"minecraft:rail":2,"minecraft:coal":316,"minecraft:white_wool":7,"minecraft:cobblestone":88},"minecraft:broken":{"minecraft:stone_pickaxe":1,"minecraft:wooden_sword":1,"minecraft:wooden_axe":1},"minecraft:mined":{"minecraft:white_bed":1,"minecraft:powder_snow":8,"minecraft:crafting_table":16,"minecraft:torch":1,"minecraft:short_grass":12,"minecraft:grass_block":6,"minecraft:copper_ore":1,"minecraft:cobblestone":1,"minecraft:spruce_leaves":6,"minecraft:lapis_ore":11,"minecraft:spawner":1,"minecraft:gray_wool":1,"minecraft:furnace":15,"minecraft:iron_ore":74,"minecraft:sweet_berry_bush":24,"minecraft:spruce_log":4,"minecraft:birch_leaves":3,"minecraft:andesite":5,"minecraft:coal_ore":98,"minecraft:oak_log":44,"minecraft:deepslate_iron_ore":1,"minecraft:rail":1,"minecraft:dirt":7,"minecraft:cobweb":10,"minecraft:stone":82,"minecraft:oak_leaves":15,"minecraft:fern":1},"minecraft:killed":{"minecraft:pig":15,"minecraft:spider":3,"minecraft:sheep":8,"minecraft:skeleton":4,"minecraft:zombie":1,"minecraft:donkey":1,"minecraft:chicken":12,"minecraft:cow":14},"minecraft:killed_by":{"minecraft:skeleton":1},"minecraft:dropped":{"minecraft:sweet_berries":1,"minecraft:wheat_seeds":1,"minecraft:lapis_lazuli":10,"minecraft:raw_copper":2,"minecraft:crafting_table":1,"minecraft:coal":6,"minecraft:spruce_log":1,"minecraft:wooden_pickaxe":3},"minecraft:custom":{"minecraft:interact_with_furnace":92,"minecraft:mob_kills":58,"minecraft:interact_with_crafting_table":30,"minecraft:leave_game":23,"minecraft:time_since_death":21631,"minecraft:time_since_rest":21730,"minecraft:sprint_one_cm":491808,"minecraft:damage_taken":3507,"minecraft:walk_one_cm":179302,"minecraft:damage_blocked_by_shield":280,"minecraft:drop":10,"minecraft:damage_dealt":5659,"minecraft:swim_one_cm":29527,"minecraft:fly_one_cm":534135,"minecraft:crouch_one_cm":50508,"minecraft:play_time":124936,"minecraft:sneak_time":15224,"minecraft:deaths":5,"minecraft:walk_under_water_one_cm":9214,"minecraft:boat_one_cm":287328,"minecraft:jump":2818,"minecraft:walk_on_water_one_cm":13874,"minecraft:total_world_time":124936,"minecraft:fall_one_cm":107628},"minecraft:crafted":{"minecraft:wooden_sword":1,"minecraft:oak_planks":176,"minecraft:cooked_porkchop":16,"minecraft:crafting_table":4,"minecraft:spruce_planks":12,"minecraft:wooden_pickaxe":2,"minecraft:cooked_chicken":4,"minecraft:iron_helmet":1,"minecraft:iron_sword":1,"minecraft:furnace":4,"minecraft:bucket":1,"minecraft:stone_axe":1,"minecraft:cooked_mutton":5,"minecraft:air":0,"minecraft:oak_boat":2,"minecraft:iron_chestplate":1,"minecraft:shield":1,"minecraft:stick":36,"minecraft:iron_ingot":18,"minecraft:stone_pickaxe":3,"minecraft:wooden_axe":2,"minecraft:white_bed":1,"minecraft:spruce_boat":1,"minecraft:torch":52}},"DataVersion":3955}