{"stats":{"minecraft:used":{"minecraft:cooked_mutton":1,"minecraft:water_bucket":7,"minecraft:stone_pickaxe":253,"minecraft:shield":8,"minecraft:wooden_pickaxe":40,"minecraft:iron_sword":27,"minecraft:cooked_chicken":1,"minecraft:torch":22,"minecraft:dirt":10,"minecraft:crafting_table":12,"minecraft:white_bed":1,"minecraft:spruce_boat":7,"minecraft:wooden_axe":36,"minecraft:chicken":1,"minecraft:birch_sapling":1,"minecraft:wooden_sword":53,"minecraft:cobblestone":40,"minecraft:sweet_berries":20,"minecraft:furnace":15,"minecraft:oak_sapling":1,"minecraft:cooked_porkchop":11,"minecraft:porkchop":2,"minecraft:andesite":4,"minecraft:bucket":8,"minecraft:oak_boat":6,"minecraft:gray_wool":1},"minecraft:picked_up":{"minecraft:crafting_table":12,"minecraft:feather":6,"minecraft:cooked_beef":12,"minecraft:chicken":5,"minecraft:andesite":4,"minecraft:leather":10,"minecraft:wooden_pickaxe":1,"minecraft:oak_log":21,"minecraft:dirt":10,"minecraft:string":14,"minecraft:lapis_lazuli":74,"minecraft:raw_copper":2,"minecraft:bone":2,"minecraft:wheat_seeds":1,"minecraft:beef":12,"minecraft:oak_boat":6,"minecraft:birch_sapling":1,"minecraft:oak_planks":2,"minecraft:furnace":15,"minecraft:raw_iron":74,"minecraft:cooked_porkchop":7,"minecraft:sweet_berries":58,"minecraft:oak_fence":2,"minecraft:torch":1,"minecraft:porkchop":27,"minecraft:white_bed":1,"minecraft:spruce_log":4,"minecraft:arrow":2,"minecraft:spruce_boat":7,"minecraft:gray_wool":2,"minecraft:oak_sapling":1,"minecraft:mutton":5,"minecraft:coal":316,"minecraft:rail":2,"minecraft:white_wool":3,"minecraft:cobblestone":82},"minecraft:broken":{"minecraft:stone_pickaxe":1,"minecraft:wooden_sword":1},"minecraft:mined":{"minecraft:white_bed":1,"minecraft:powder_snow":8,"minecraft:crafting_table":12,"minecraft:torch":1,"minecraft:short_grass":11,"minecraft:grass_block":4,"minecraft:copper_ore":1,"minecraft:cobblestone":1,"minecraft:spruce_leaves":6,"minecraft:lapis_ore":11,"minecraft:spawner":1,"minecraft:gray_wool":1,"minecraft:furnace":15,"minecraft:iron_ore":74,"minecraft:sweet_berry_bush":24,"minecraft:spruce_log":4,"minecraft:andesite":5,"minecraft:birch_leaves":3,"minecraft:coal_ore":98,"minecraft:oak_log":21,"minecraft:deepslate_iron_ore":1,"minecraft:rail":1,"minecraft:dirt":6,"minecraft:cobweb":10,"minecraft:stone":76,"minecraft:fern":1,"minecraft:oak_leaves":14},"minecraft:killed":{"minecraft:pig":11,"minecraft:spider":3,"minecraft:sheep":4,"minecraft:skeleton":4,"minecraft:zombie":1,"minecraft:donkey":1,"minecraft:chicken":5,"minecraft:cow":6},"minecraft:killed_by":{"minecraft:skeleton":1},"minecraft:dropped":{"minecraft:sweet_berries":1,"minecraft:wheat_seeds":1,"minecraft:lapis_lazuli":10,"minecraft:raw_copper":2,"minecraft:coal":6,"minecraft:spruce_log":1,"minecraft:wooden_pickaxe":2},"minecraft:custom":{"minecraft:interact_with_furnace":92,"minecraft:mob_kills":35,"minecraft:interact_with_crafting_table":25,"minecraft:leave_game":22,"minecraft:time_since_death":9084,"minecraft:time_since_rest":9183,"minecraft:sprint_one_cm":414958,"minecraft:damage_taken":3427,"minecraft:walk_one_cm":159065,"minecraft:damage_blocked_by_shield":280,"minecraft:drop":8,"minecraft:damage_dealt":3859,"minecraft:swim_one_cm":29527,"minecraft:fly_one_cm":467070,"minecraft:crouch_one_cm":45705,"minecraft:play_time":112389,"minecraft:sneak_time":13553,"minecraft:deaths":5,"minecraft:walk_under_water_one_cm":9214,"minecraft:boat_one_cm":287328,"minecraft:jump":2402,"minecraft:walk_on_water_one_cm":13874,"minecraft:total_world_time":112389,"minecraft:fall_one_cm":96223},"minecraft:crafted":{"minecraft:wooden_sword":1,"minecraft:oak_planks":84,"minecraft:cooked_porkchop":16,"minecraft:crafting_table":3,"minecraft:spruce_planks":12,"minecraft:wooden_pickaxe":1,"minecraft:cooked_chicken":4,"minecraft:iron_helmet":1,"minecraft:iron_sword":1,"minecraft:furnace":4,"minecraft:bucket":1,"minecraft:cooked_mutton":5,"minecraft:air":0,"minecraft:oak_boat":2,"minecraft:iron_chestplate":1,"minecraft:shield":1,"minecraft:stick":28,"minecraft:iron_ingot":18,"minecraft:stone_pickaxe":2,"minecraft:wooden_axe":1,"minecraft:white_bed":1,"minecraft:spruce_boat":1,"minecraft:torch":52}},"DataVersion":3955}