{"stats":{"minecraft:used":{"minecraft:flint_and_steel":36,"minecraft:diamond_hoe":716,"minecraft:chest":3,"minecraft:shield":54,"minecraft:iron_sword":75,"minecraft:cooked_chicken":7,"minecraft:torch":194,"minecraft:dirt":13,"minecraft:cobblestone_wall":1,"minecraft:tuff":1,"minecraft:granite":9,"minecraft:spruce_boat":9,"minecraft:dark_oak_planks":88,"minecraft:wooden_axe":78,"minecraft:lava_bucket":1,"minecraft:iron_axe":136,"minecraft:birch_sapling":1,"minecraft:bow":8,"minecraft:sweet_berries":57,"minecraft:furnace":69,"minecraft:oak_sapling":1,"minecraft:cooked_beef":27,"minecraft:cobbled_deepslate":66,"minecraft:cooked_mutton":35,"minecraft:water_bucket":53,"minecraft:birch_planks":1,"minecraft:stone_pickaxe":513,"minecraft:oak_planks":44,"minecraft:wooden_pickaxe":44,"minecraft:diamond_axe":195,"minecraft:white_wool":1,"minecraft:crafting_table":31,"minecraft:white_bed":19,"minecraft:flower_pot":1,"minecraft:diamond_pickaxe":55,"minecraft:oxeye_daisy":1,"minecraft:chicken":1,"minecraft:bread":2,"minecraft:iron_pickaxe":468,"minecraft:gravel":3,"minecraft:stone_axe":72,"minecraft:diamond_sword":121,"minecraft:wooden_sword":53,"minecraft:cobblestone":133,"minecraft:porkchop":2,"minecraft:cooked_porkchop":22,"minecraft:bucket":56,"minecraft:andesite":19,"minecraft:oak_boat":7,"minecraft:gray_wool":1},"minecraft:broken":{"minecraft:flint_and_steel":1,"minecraft:stone_pickaxe":3,"minecraft:iron_axe":1,"minecraft:wooden_sword":1,"minecraft:stone_axe":1,"minecraft:iron_pickaxe":1,"minecraft:wooden_axe":1},"minecraft:picked_up":{"minecraft:iron_chestplate":2,"minecraft:crafting_table":29,"minecraft:chicken":18,"minecraft:flower_pot":1,"minecraft:diamond_sword":2,"minecraft:wooden_pickaxe":1,"minecraft:oak_stairs":2,"minecraft:gold_block":1,"minecraft:string":18,"minecraft:raw_copper":2,"minecraft:iron_axe":3,"minecraft:flint_and_steel":1,"minecraft:iron_leggings":1,"minecraft:white_carpet":17,"minecraft:cobbled_deepslate":106,"minecraft:beef":41,"minecraft:oak_boat":7,"minecraft:chest":9,"minecraft:birch_sapling":1,"minecraft:furnace":70,"minecraft:iron_boots":1,"minecraft:stick":2,"minecraft:raw_iron":241,"minecraft:oak_fence":2,"minecraft:torch":17,"minecraft:porkchop":38,"minecraft:redstone":8,"minecraft:dark_oak_planks":16,"minecraft:diamond_chestplate":1,"minecraft:arrow":20,"minecraft:rotten_flesh":32,"minecraft:totem_of_undying":6,"minecraft:gold_ingot":9,"minecraft:mutton":48,"minecraft:rail":2,"minecraft:white_wool":31,"minecraft:cobblestone":235,"minecraft:oxeye_daisy":1,"minecraft:enchanting_table":1,"minecraft:feather":19,"minecraft:cooked_beef":17,"minecraft:iron_door":1,"minecraft:andesite":21,"minecraft:brown_wool":1,"minecraft:leather":25,"minecraft:birch_planks":24,"minecraft:oak_log":44,"minecraft:tuff":2,"minecraft:cobblestone_stairs":1,"minecraft:cobblestone_wall":1,"minecraft:gunpowder":3,"minecraft:lapis_lazuli":184,"minecraft:dirt":13,"minecraft:cooked_mutton":10,"minecraft:red_carpet":21,"minecraft:bone":18,"minecraft:kelp":4,"minecraft:bow":2,"minecraft:wheat_seeds":3,"minecraft:raw_gold":42,"minecraft:iron_ingot":40,"minecraft:iron_sword":1,"minecraft:oak_planks":5,"minecraft:dark_oak_stairs":2,"minecraft:book":435,"minecraft:cooked_porkchop":7,"minecraft:sweet_berries":58,"minecraft:gravel":4,"minecraft:white_bed":20,"minecraft:spruce_log":4,"minecraft:dark_oak_log":31,"minecraft:spider_eye":1,"minecraft:polished_andesite":3,"minecraft:diamond":64,"minecraft:spruce_boat":11,"minecraft:iron_helmet":3,"minecraft:granite":9,"minecraft:gray_wool":2,"minecraft:emerald":12,"minecraft:oak_sapling":2,"minecraft:black_wool":1,"minecraft:coal":519},"minecraft:mined":{"minecraft:dark_oak_planks":10,"minecraft:tuff":2,"minecraft:red_carpet":1,"minecraft:white_bed":10,"minecraft:deepslate_diamond_ore":63,"minecraft:cobblestone_stairs":1,"minecraft:sculk_vein":30,"minecraft:dark_oak_log":27,"minecraft:glow_lichen":2,"minecraft:grass_block":6,"minecraft:spruce_leaves":6,"minecraft:spawner":1,"minecraft:sculk_catalyst":4,"minecraft:furnace":70,"minecraft:iron_ore":193,"minecraft:cobbled_deepslate":1,"minecraft:andesite":21,"minecraft:deepslate_lapis_ore":8,"minecraft:enchanting_table":1,"minecraft:gold_block":1,"minecraft:bookshelf":143,"minecraft:deepslate_iron_ore":50,"minecraft:rail":1,"minecraft:stone":228,"minecraft:potted_allium":1,"minecraft:glass_pane":2,"minecraft:amethyst_cluster":1,"minecraft:powder_snow":8,"minecraft:crafting_table":29,"minecraft:torch":5,"minecraft:short_grass":20,"minecraft:calcite":4,"minecraft:chest":11,"minecraft:sculk_sensor":6,"minecraft:copper_ore":1,"minecraft:tall_grass":1,"minecraft:cobblestone":3,"minecraft:deepslate_gold_ore":44,"minecraft:lapis_ore":14,"minecraft:grindstone":1,"minecraft:oak_planks":1,"minecraft:sculk":684,"minecraft:iron_door":1,"minecraft:wall_torch":5,"minecraft:amethyst_block":2,"minecraft:gray_wool":1,"minecraft:cobblestone_wall":1,"minecraft:sweet_berry_bush":24,"minecraft:spruce_log":4,"minecraft:birch_leaves":3,"minecraft:coal_ore":214,"minecraft:oak_log":44,"minecraft:gravel":3,"minecraft:dirt":7,"minecraft:cobweb":10,"minecraft:smooth_basalt":1,"minecraft:gold_ore":1,"minecraft:oak_leaves":25,"minecraft:fern":1,"minecraft:deepslate":114},"minecraft:killed":{"minecraft:evoker":5,"minecraft:vex":11,"minecraft:witch":1,"minecraft:vindicator":12,"minecraft:spider":6,"minecraft:slime":1,"minecraft:skeleton":18,"minecraft:chicken":18,"minecraft:drowned":1,"minecraft:wolf":4,"minecraft:pig":17,"minecraft:creeper":3,"minecraft:sheep":37,"minecraft:trader_llama":1,"minecraft:zombie":33,"minecraft:donkey":1,"minecraft:cow":21},"minecraft:killed_by":{"minecraft:skeleton":1},"minecraft:dropped":{"minecraft:iron_ingot":18,"minecraft:dark_oak_stairs":2,"minecraft:birch_planks":12,"minecraft:wheat_seeds":3,"minecraft:lapis_lazuli":88,"minecraft:crafting_table":2,"minecraft:feather":1,"minecraft:iron_helmet":3,"minecraft:cobblestone":3,"minecraft:coal":6,"minecraft:red_carpet":1,"minecraft:cobblestone_stairs":1,"minecraft:brown_wool":1,"minecraft:iron_door":1,"minecraft:iron_leggings":1,"minecraft:oak_stairs":2,"minecraft:iron_axe":2,"minecraft:string":2,"minecraft:white_wool":2,"minecraft:bone":1,"minecraft:gravel":1,"minecraft:kelp":4,"minecraft:sweet_berries":1,"minecraft:cooked_chicken":7,"minecraft:raw_copper":2,"minecraft:diamond_hoe":1,"minecraft:rotten_flesh":2,"minecraft:white_carpet":7,"minecraft:oak_planks":10,"minecraft:iron_boots":1,"minecraft:cooked_mutton":1,"minecraft:white_bed":1,"minecraft:totem_of_undying":1,"minecraft:diamond_sword":2,"minecraft:spruce_boat":2,"minecraft:gunpowder":1,"minecraft:diamond_chestplate":1,"minecraft:iron_chestplate":2,"minecraft:andesite":2,"minecraft:oak_sapling":1,"minecraft:spider_eye":1,"minecraft:spruce_log":1,"minecraft:bow":1,"minecraft:arrow":14,"minecraft:wooden_pickaxe":3,"minecraft:black_wool":1},"minecraft:custom":{"minecraft:mob_kills":198,"minecraft:interact_with_crafting_table":73,"minecraft:leave_game":48,"minecraft:time_since_death":301652,"minecraft:climb_one_cm":823,"minecraft:sprint_one_cm":1605521,"minecraft:walk_one_cm":847150,"minecraft:damage_blocked_by_shield":2072,"minecraft:drop":62,"minecraft:play_time":404957,"minecraft:deaths":5,"minecraft:sneak_time":70117,"minecraft:walk_under_water_one_cm":79900,"minecraft:boat_one_cm":473100,"minecraft:jump":8554,"minecraft:walk_on_water_one_cm":89307,"minecraft:enchant_item":16,"minecraft:total_world_time":404957,"minecraft:interact_with_furnace":396,"minecraft:interact_with_grindstone":10,"minecraft:sleep_in_bed":17,"minecraft:time_since_rest":2645,"minecraft:damage_taken":7865,"minecraft:damage_dealt":28765,"minecraft:swim_one_cm":117609,"minecraft:fly_one_cm":1521550,"minecraft:player_kills":5,"minecraft:open_chest":44,"minecraft:crouch_one_cm":244228,"minecraft:fall_one_cm":255921},"minecraft:crafted":{"minecraft:wooden_sword":1,"minecraft:oak_planks":176,"minecraft:diamond_hoe":1,"minecraft:cooked_chicken":17,"minecraft:furnace":15,"minecraft:cooked_mutton":30,"minecraft:diamond_helmet":1,"minecraft:diamond_leggings":1,"minecraft:iron_boots":1,"minecraft:iron_axe":1,"minecraft:stone_pickaxe":4,"minecraft:chest":2,"minecraft:diamond_boots":1,"minecraft:spruce_boat":1,"minecraft:dark_oak_planks":124,"minecraft:cooked_beef":22,"minecraft:diamond_sword":1,"minecraft:cooked_porkchop":29,"minecraft:diamond_axe":1,"minecraft:crafting_table":6,"minecraft:spruce_planks":12,"minecraft:wooden_pickaxe":2,"minecraft:iron_helmet":2,"minecraft:iron_sword":1,"minecraft:bucket":2,"minecraft:stone_axe":1,"minecraft:air":0,"minecraft:oak_boat":2,"minecraft:iron_chestplate":2,"minecraft:diamond_pickaxe":1,"minecraft:shield":3,"minecraft:stick":100,"minecraft:iron_pickaxe":2,"minecraft:iron_ingot":161,"minecraft:wooden_axe":2,"minecraft:gold_ingot":42,"minecraft:iron_leggings":1,"minecraft:white_bed":3,"minecraft:torch":240,"minecraft:diamond_chestplate":1}},"DataVersion":3955}