{"stats":{"minecraft:used":{"minecraft:cooked_mutton":1,"minecraft:water_bucket":7,"minecraft:stone_pickaxe":502,"minecraft:shield":15,"minecraft:wooden_pickaxe":44,"minecraft:iron_sword":27,"minecraft:cooked_chicken":1,"minecraft:white_wool":1,"minecraft:torch":58,"minecraft:dirt":13,"minecraft:crafting_table":23,"minecraft:white_bed":1,"minecraft:spruce_boat":7,"minecraft:wooden_axe":78,"minecraft:chicken":1,"minecraft:iron_pickaxe":68,"minecraft:birch_sapling":1,"minecraft:wooden_sword":53,"minecraft:stone_axe":58,"minecraft:cobblestone":89,"minecraft:sweet_berries":52,"minecraft:cooked_porkchop":11,"minecraft:furnace":27,"minecraft:oak_sapling":1,"minecraft:porkchop":2,"minecraft:bucket":9,"minecraft:andesite":4,"minecraft:oak_boat":6,"minecraft:cooked_beef":7,"minecraft:gray_wool":1},"minecraft:picked_up":{"minecraft:crafting_table":23,"minecraft:feather":13,"minecraft:cooked_beef":13,"minecraft:chicken":12,"minecraft:andesite":4,"minecraft:leather":15,"minecraft:wooden_pickaxe":1,"minecraft:oak_log":44,"minecraft:lapis_lazuli":152,"minecraft:string":14,"minecraft:dirt":13,"minecraft:raw_copper":2,"minecraft:bone":10,"minecraft:wheat_seeds":1,"minecraft:cobbled_deepslate":33,"minecraft:raw_gold":5,"minecraft:iron_ingot":24,"minecraft:beef":26,"minecraft:oak_boat":6,"minecraft:birch_sapling":1,"minecraft:oak_planks":2,"minecraft:furnace":27,"minecraft:raw_iron":133,"minecraft:cooked_porkchop":7,"minecraft:sweet_berries":58,"minecraft:oak_fence":2,"minecraft:torch":2,"minecraft:gravel":1,"minecraft:porkchop":36,"minecraft:white_bed":1,"minecraft:spruce_log":4,"minecraft:spider_eye":1,"minecraft:arrow":8,"minecraft:rotten_flesh":7,"minecraft:diamond":21,"minecraft:spruce_boat":7,"minecraft:granite":8,"minecraft:gray_wool":2,"minecraft:oak_sapling":1,"minecraft:rail":2,"minecraft:mutton":11,"minecraft:coal":391,"minecraft:white_wool":7,"minecraft:cobblestone":201},"minecraft:broken":{"minecraft:stone_pickaxe":2,"minecraft:wooden_sword":1,"minecraft:wooden_axe":1},"minecraft:mined":{"minecraft:white_bed":1,"minecraft:deepslate_diamond_ore":21,"minecraft:powder_snow":8,"minecraft:torch":1,"minecraft:crafting_table":23,"minecraft:glow_lichen":2,"minecraft:short_grass":12,"minecraft:grass_block":6,"minecraft:deepslate_gold_ore":6,"minecraft:copper_ore":1,"minecraft:cobblestone":1,"minecraft:spruce_leaves":6,"minecraft:lapis_ore":14,"minecraft:wall_torch":1,"minecraft:spawner":1,"minecraft:gray_wool":1,"minecraft:furnace":27,"minecraft:iron_ore":110,"minecraft:sweet_berry_bush":24,"minecraft:spruce_log":4,"minecraft:birch_leaves":3,"minecraft:andesite":5,"minecraft:deepslate_lapis_ore":8,"minecraft:coal_ore":141,"minecraft:oak_log":44,"minecraft:deepslate_iron_ore":24,"minecraft:rail":1,"minecraft:gravel":1,"minecraft:dirt":7,"minecraft:cobweb":10,"minecraft:stone":197,"minecraft:oak_leaves":15,"minecraft:deepslate":41,"minecraft:fern":1},"minecraft:killed":{"minecraft:pig":15,"minecraft:spider":4,"minecraft:sheep":8,"minecraft:skeleton":10,"minecraft:zombie":9,"minecraft:donkey":1,"minecraft:chicken":12,"minecraft:cow":14},"minecraft:killed_by":{"minecraft:skeleton":1},"minecraft:dropped":{"minecraft:sweet_berries":1,"minecraft:wheat_seeds":1,"minecraft:lapis_lazuli":24,"minecraft:raw_copper":2,"minecraft:crafting_table":1,"minecraft:coal":6,"minecraft:spruce_log":1,"minecraft:wooden_pickaxe":3},"minecraft:custom":{"minecraft:interact_with_furnace":158,"minecraft:mob_kills":76,"minecraft:interact_with_crafting_table":48,"minecraft:leave_game":26,"minecraft:time_since_death":61052,"minecraft:time_since_rest":61151,"minecraft:sprint_one_cm":564256,"minecraft:damage_taken":4085,"minecraft:walk_one_cm":238864,"minecraft:damage_blocked_by_shield":470,"minecraft:drop":11,"minecraft:damage_dealt":8642,"minecraft:swim_one_cm":48345,"minecraft:fly_one_cm":607820,"minecraft:crouch_one_cm":79746,"minecraft:play_time":164357,"minecraft:deaths":5,"minecraft:sneak_time":25614,"minecraft:walk_under_water_one_cm":27231,"minecraft:boat_one_cm":287328,"minecraft:jump":3374,"minecraft:walk_on_water_one_cm":34846,"minecraft:total_world_time":164357,"minecraft:fall_one_cm":123485},"minecraft:crafted":{"minecraft:cooked_beef":13,"minecraft:wooden_sword":1,"minecraft:oak_planks":176,"minecraft:cooked_porkchop":25,"minecraft:crafting_table":4,"minecraft:spruce_planks":12,"minecraft:iron_helmet":2,"minecraft:cooked_chicken":11,"minecraft:wooden_pickaxe":2,"minecraft:iron_sword":1,"minecraft:furnace":8,"minecraft:bucket":2,"minecraft:stone_axe":1,"minecraft:cooked_mutton":11,"minecraft:air":0,"minecraft:oak_boat":2,"minecraft:iron_boots":1,"minecraft:iron_chestplate":2,"minecraft:shield":2,"minecraft:stick":56,"minecraft:iron_ingot":33,"minecraft:iron_pickaxe":1,"minecraft:stone_pickaxe":4,"minecraft:wooden_axe":2,"minecraft:iron_leggings":1,"minecraft:spruce_boat":1,"minecraft:white_bed":1,"minecraft:torch":104}},"DataVersion":3955}