{"stats":{"minecraft:used":{"minecraft:cooked_mutton":1,"minecraft:water_bucket":7,"minecraft:stone_pickaxe":480,"minecraft:shield":10,"minecraft:wooden_pickaxe":44,"minecraft:iron_sword":27,"minecraft:cooked_chicken":1,"minecraft:white_wool":1,"minecraft:torch":42,"minecraft:dirt":13,"minecraft:crafting_table":21,"minecraft:white_bed":1,"minecraft:spruce_boat":7,"minecraft:wooden_axe":78,"minecraft:chicken":1,"minecraft:birch_sapling":1,"minecraft:stone_axe":35,"minecraft:wooden_sword":53,"minecraft:cobblestone":60,"minecraft:sweet_berries":52,"minecraft:cooked_porkchop":11,"minecraft:furnace":27,"minecraft:oak_sapling":1,"minecraft:porkchop":2,"minecraft:bucket":9,"minecraft:andesite":4,"minecraft:oak_boat":6,"minecraft:cooked_beef":3,"minecraft:gray_wool":1},"minecraft:picked_up":{"minecraft:crafting_table":21,"minecraft:feather":13,"minecraft:cooked_beef":13,"minecraft:chicken":12,"minecraft:andesite":4,"minecraft:leather":15,"minecraft:wooden_pickaxe":1,"minecraft:oak_log":44,"minecraft:string":14,"minecraft:dirt":13,"minecraft:lapis_lazuli":139,"minecraft:raw_copper":2,"minecraft:bone":2,"minecraft:wheat_seeds":1,"minecraft:cobbled_deepslate":6,"minecraft:iron_ingot":13,"minecraft:beef":26,"minecraft:oak_boat":6,"minecraft:birch_sapling":1,"minecraft:oak_planks":2,"minecraft:furnace":23,"minecraft:raw_iron":113,"minecraft:cooked_porkchop":7,"minecraft:sweet_berries":58,"minecraft:oak_fence":2,"minecraft:torch":2,"minecraft:porkchop":36,"minecraft:white_bed":1,"minecraft:spruce_log":4,"minecraft:rotten_flesh":3,"minecraft:arrow":5,"minecraft:spruce_boat":7,"minecraft:granite":8,"minecraft:gray_wool":2,"minecraft:oak_sapling":1,"minecraft:mutton":11,"minecraft:rail":2,"minecraft:coal":379,"minecraft:white_wool":7,"minecraft:cobblestone":201},"minecraft:broken":{"minecraft:stone_pickaxe":2,"minecraft:wooden_sword":1,"minecraft:wooden_axe":1},"minecraft:mined":{"minecraft:white_bed":1,"minecraft:powder_snow":8,"minecraft:glow_lichen":2,"minecraft:crafting_table":21,"minecraft:torch":1,"minecraft:short_grass":12,"minecraft:grass_block":6,"minecraft:copper_ore":1,"minecraft:cobblestone":1,"minecraft:spruce_leaves":6,"minecraft:lapis_ore":14,"minecraft:wall_torch":1,"minecraft:spawner":1,"minecraft:gray_wool":1,"minecraft:furnace":23,"minecraft:iron_ore":110,"minecraft:sweet_berry_bush":24,"minecraft:spruce_log":4,"minecraft:birch_leaves":3,"minecraft:andesite":5,"minecraft:deepslate_lapis_ore":6,"minecraft:coal_ore":141,"minecraft:oak_log":44,"minecraft:deepslate_iron_ore":4,"minecraft:rail":1,"minecraft:dirt":7,"minecraft:cobweb":10,"minecraft:stone":197,"minecraft:deepslate":6,"minecraft:oak_leaves":15,"minecraft:fern":1},"minecraft:killed":{"minecraft:pig":15,"minecraft:spider":3,"minecraft:sheep":8,"minecraft:skeleton":6,"minecraft:zombie":5,"minecraft:donkey":1,"minecraft:chicken":12,"minecraft:cow":14},"minecraft:killed_by":{"minecraft:skeleton":1},"minecraft:dropped":{"minecraft:sweet_berries":1,"minecraft:wheat_seeds":1,"minecraft:lapis_lazuli":10,"minecraft:raw_copper":2,"minecraft:crafting_table":1,"minecraft:coal":6,"minecraft:spruce_log":1,"minecraft:wooden_pickaxe":3},"minecraft:custom":{"minecraft:interact_with_furnace":157,"minecraft:mob_kills":65,"minecraft:interact_with_crafting_table":43,"minecraft:leave_game":25,"minecraft:time_since_death":45540,"minecraft:time_since_rest":45639,"minecraft:sprint_one_cm":531650,"minecraft:damage_taken":3803,"minecraft:walk_one_cm":209953,"minecraft:damage_blocked_by_shield":330,"minecraft:drop":10,"minecraft:damage_dealt":6850,"minecraft:swim_one_cm":39944,"minecraft:fly_one_cm":573513,"minecraft:crouch_one_cm":70268,"minecraft:play_time":148845,"minecraft:sneak_time":21710,"minecraft:deaths":5,"minecraft:walk_under_water_one_cm":15545,"minecraft:boat_one_cm":287328,"minecraft:jump":3084,"minecraft:walk_on_water_one_cm":19049,"minecraft:total_world_time":148845,"minecraft:fall_one_cm":118288},"minecraft:crafted":{"minecraft:cooked_beef":13,"minecraft:wooden_sword":1,"minecraft:oak_planks":176,"minecraft:cooked_porkchop":25,"minecraft:crafting_table":4,"minecraft:spruce_planks":12,"minecraft:wooden_pickaxe":2,"minecraft:cooked_chicken":11,"minecraft:iron_helmet":2,"minecraft:iron_sword":1,"minecraft:furnace":8,"minecraft:bucket":2,"minecraft:stone_axe":1,"minecraft:cooked_mutton":11,"minecraft:air":0,"minecraft:oak_boat":2,"minecraft:iron_boots":1,"minecraft:iron_chestplate":2,"minecraft:shield":2,"minecraft:stick":56,"minecraft:iron_ingot":29,"minecraft:stone_pickaxe":4,"minecraft:wooden_axe":2,"minecraft:white_bed":1,"minecraft:spruce_boat":1,"minecraft:torch":104}},"DataVersion":3955}