{"stats":{"minecraft:used":{"minecraft:diamond_hoe":716,"minecraft:shield":52,"minecraft:iron_sword":75,"minecraft:cooked_chicken":7,"minecraft:torch":161,"minecraft:dirt":13,"minecraft:tuff":1,"minecraft:granite":9,"minecraft:spruce_boat":9,"minecraft:wooden_axe":78,"minecraft:lava_bucket":1,"minecraft:iron_axe":136,"minecraft:birch_sapling":1,"minecraft:bow":8,"minecraft:sweet_berries":57,"minecraft:oak_sapling":1,"minecraft:furnace":66,"minecraft:cooked_beef":15,"minecraft:cobbled_deepslate":66,"minecraft:cooked_mutton":19,"minecraft:water_bucket":44,"minecraft:stone_pickaxe":513,"minecraft:wooden_pickaxe":44,"minecraft:white_wool":1,"minecraft:crafting_table":28,"minecraft:white_bed":17,"minecraft:chicken":1,"minecraft:iron_pickaxe":466,"minecraft:gravel":3,"minecraft:stone_axe":72,"minecraft:wooden_sword":53,"minecraft:cobblestone":127,"minecraft:porkchop":2,"minecraft:cooked_porkchop":22,"minecraft:andesite":19,"minecraft:bucket":47,"minecraft:oak_boat":7,"minecraft:gray_wool":1},"minecraft:broken":{"minecraft:stone_pickaxe":3,"minecraft:iron_axe":1,"minecraft:wooden_sword":1,"minecraft:stone_axe":1,"minecraft:iron_pickaxe":1,"minecraft:wooden_axe":1},"minecraft:picked_up":{"minecraft:iron_chestplate":2,"minecraft:crafting_table":28,"minecraft:chicken":18,"minecraft:wooden_pickaxe":1,"minecraft:gold_block":1,"minecraft:string":18,"minecraft:raw_copper":2,"minecraft:iron_axe":1,"minecraft:iron_leggings":1,"minecraft:cobbled_deepslate":106,"minecraft:beef":41,"minecraft:oak_boat":7,"minecraft:birch_sapling":1,"minecraft:furnace":67,"minecraft:iron_boots":1,"minecraft:stick":2,"minecraft:raw_iron":241,"minecraft:oak_fence":2,"minecraft:torch":13,"minecraft:porkchop":36,"minecraft:redstone":8,"minecraft:arrow":18,"minecraft:rotten_flesh":29,"minecraft:gold_ingot":9,"minecraft:mutton":41,"minecraft:rail":2,"minecraft:white_wool":27,"minecraft:cobblestone":210,"minecraft:feather":18,"minecraft:cooked_beef":17,"minecraft:andesite":21,"minecraft:leather":25,"minecraft:brown_wool":1,"minecraft:tuff":2,"minecraft:oak_log":44,"minecraft:gunpowder":2,"minecraft:lapis_lazuli":152,"minecraft:dirt":13,"minecraft:cooked_mutton":7,"minecraft:bone":17,"minecraft:kelp":4,"minecraft:bow":2,"minecraft:wheat_seeds":2,"minecraft:raw_gold":42,"minecraft:iron_ingot":40,"minecraft:oak_planks":2,"minecraft:iron_sword":1,"minecraft:cooked_porkchop":7,"minecraft:sweet_berries":58,"minecraft:gravel":4,"minecraft:white_bed":19,"minecraft:spruce_log":4,"minecraft:spider_eye":1,"minecraft:diamond":64,"minecraft:spruce_boat":11,"minecraft:iron_helmet":3,"minecraft:granite":9,"minecraft:gray_wool":2,"minecraft:oak_sapling":2,"minecraft:black_wool":1,"minecraft:coal":456},"minecraft:mined":{"minecraft:tuff":2,"minecraft:white_bed":9,"minecraft:deepslate_diamond_ore":63,"minecraft:sculk_vein":30,"minecraft:glow_lichen":2,"minecraft:grass_block":6,"minecraft:spruce_leaves":6,"minecraft:spawner":1,"minecraft:sculk_catalyst":4,"minecraft:furnace":67,"minecraft:iron_ore":193,"minecraft:cobbled_deepslate":1,"minecraft:andesite":21,"minecraft:deepslate_lapis_ore":8,"minecraft:gold_block":1,"minecraft:rail":1,"minecraft:deepslate_iron_ore":50,"minecraft:stone":202,"minecraft:amethyst_cluster":1,"minecraft:powder_snow":8,"minecraft:crafting_table":28,"minecraft:torch":5,"minecraft:short_grass":18,"minecraft:calcite":4,"minecraft:sculk_sensor":6,"minecraft:tall_grass":1,"minecraft:copper_ore":1,"minecraft:cobblestone":3,"minecraft:deepslate_gold_ore":44,"minecraft:lapis_ore":14,"minecraft:sculk":684,"minecraft:wall_torch":5,"minecraft:amethyst_block":2,"minecraft:gray_wool":1,"minecraft:sweet_berry_bush":24,"minecraft:spruce_log":4,"minecraft:birch_leaves":3,"minecraft:coal_ore":193,"minecraft:oak_log":44,"minecraft:gravel":3,"minecraft:dirt":7,"minecraft:cobweb":10,"minecraft:smooth_basalt":1,"minecraft:gold_ore":1,"minecraft:oak_leaves":25,"minecraft:deepslate":114,"minecraft:fern":1},"minecraft:killed":{"minecraft:witch":1,"minecraft:spider":5,"minecraft:slime":1,"minecraft:skeleton":17,"minecraft:chicken":18,"minecraft:drowned":1,"minecraft:wolf":4,"minecraft:pig":16,"minecraft:creeper":2,"minecraft:sheep":33,"minecraft:zombie":32,"minecraft:donkey":1,"minecraft:cow":21},"minecraft:killed_by":{"minecraft:skeleton":1},"minecraft:dropped":{"minecraft:iron_ingot":18,"minecraft:wheat_seeds":2,"minecraft:lapis_lazuli":24,"minecraft:crafting_table":1,"minecraft:iron_helmet":3,"minecraft:coal":6,"minecraft:brown_wool":1,"minecraft:iron_leggings":1,"minecraft:iron_axe":1,"minecraft:string":2,"minecraft:gravel":1,"minecraft:kelp":4,"minecraft:sweet_berries":1,"minecraft:cooked_chicken":7,"minecraft:raw_copper":2,"minecraft:diamond_hoe":1,"minecraft:iron_boots":1,"minecraft:white_bed":1,"minecraft:spruce_boat":2,"minecraft:iron_chestplate":2,"minecraft:andesite":2,"minecraft:oak_sapling":1,"minecraft:spider_eye":1,"minecraft:spruce_log":1,"minecraft:bow":1,"minecraft:wooden_pickaxe":3,"minecraft:black_wool":1},"minecraft:custom":{"minecraft:mob_kills":158,"minecraft:interact_with_crafting_table":59,"minecraft:leave_game":44,"minecraft:time_since_death":224437,"minecraft:sprint_one_cm":1170826,"minecraft:walk_one_cm":629239,"minecraft:damage_blocked_by_shield":1926,"minecraft:drop":36,"minecraft:play_time":327742,"minecraft:deaths":5,"minecraft:sneak_time":62442,"minecraft:walk_under_water_one_cm":78840,"minecraft:boat_one_cm":473100,"minecraft:jump":7096,"minecraft:walk_on_water_one_cm":83186,"minecraft:total_world_time":327742,"minecraft:interact_with_furnace":380,"minecraft:sleep_in_bed":15,"minecraft:time_since_rest":6530,"minecraft:damage_taken":6323,"minecraft:damage_dealt":19905,"minecraft:player_kills":5,"minecraft:fly_one_cm":1215804,"minecraft:swim_one_cm":96716,"minecraft:open_chest":15,"minecraft:crouch_one_cm":210300,"minecraft:fall_one_cm":223575},"minecraft:crafted":{"minecraft:wooden_sword":1,"minecraft:oak_planks":176,"minecraft:diamond_hoe":1,"minecraft:cooked_chicken":17,"minecraft:furnace":13,"minecraft:cooked_mutton":25,"minecraft:diamond_helmet":1,"minecraft:iron_boots":1,"minecraft:diamond_leggings":1,"minecraft:iron_axe":1,"minecraft:stone_pickaxe":4,"minecraft:diamond_boots":1,"minecraft:spruce_boat":1,"minecraft:cooked_beef":22,"minecraft:cooked_porkchop":27,"minecraft:crafting_table":4,"minecraft:spruce_planks":12,"minecraft:wooden_pickaxe":2,"minecraft:iron_helmet":2,"minecraft:iron_sword":1,"minecraft:bucket":2,"minecraft:stone_axe":1,"minecraft:air":0,"minecraft:oak_boat":2,"minecraft:iron_chestplate":2,"minecraft:shield":2,"minecraft:stick":100,"minecraft:iron_ingot":161,"minecraft:iron_pickaxe":2,"minecraft:wooden_axe":2,"minecraft:iron_leggings":1,"minecraft:gold_ingot":42,"minecraft:white_bed":3,"minecraft:torch":240,"minecraft:diamond_chestplate":1}},"DataVersion":3955}