{"stats":{"minecraft:picked_up":{"minecraft:crafting_table":26,"minecraft:chicken":18,"minecraft:wooden_pickaxe":1,"minecraft:string":16,"minecraft:raw_copper":2,"minecraft:iron_axe":1,"minecraft:cobbled_deepslate":61,"minecraft:beef":26,"minecraft:oak_boat":7,"minecraft:birch_sapling":1,"minecraft:furnace":27,"minecraft:raw_iron":221,"minecraft:oak_fence":2,"minecraft:torch":9,"minecraft:porkchop":36,"minecraft:arrow":14,"minecraft:rotten_flesh":15,"minecraft:mutton":38,"minecraft:white_wool":24,"minecraft:rail":2,"minecraft:cobblestone":208,"minecraft:feather":18,"minecraft:cooked_beef":13,"minecraft:andesite":19,"minecraft:leather":15,"minecraft:brown_wool":1,"minecraft:oak_log":44,"minecraft:gunpowder":2,"minecraft:lapis_lazuli":152,"minecraft:dirt":13,"minecraft:bone":13,"minecraft:bow":1,"minecraft:wheat_seeds":1,"minecraft:raw_gold":14,"minecraft:iron_ingot":24,"minecraft:oak_planks":2,"minecraft:cooked_porkchop":7,"minecraft:sweet_berries":58,"minecraft:gravel":1,"minecraft:white_bed":2,"minecraft:spruce_log":4,"minecraft:spider_eye":1,"minecraft:diamond":39,"minecraft:spruce_boat":7,"minecraft:granite":9,"minecraft:gray_wool":2,"minecraft:oak_sapling":2,"minecraft:black_wool":1,"minecraft:coal":443},"minecraft:dropped":{"minecraft:wheat_seeds":1,"minecraft:lapis_lazuli":24,"minecraft:crafting_table":1,"minecraft:coal":6,"minecraft:brown_wool":1,"minecraft:iron_axe":1,"minecraft:gravel":1,"minecraft:sweet_berries":1,"minecraft:raw_copper":2,"minecraft:oak_sapling":1,"minecraft:spider_eye":1,"minecraft:spruce_log":1,"minecraft:bow":1,"minecraft:wooden_pickaxe":3,"minecraft:black_wool":1},"minecraft:custom":{"minecraft:mob_kills":116,"minecraft:interact_with_crafting_table":53,"minecraft:leave_game":33,"minecraft:time_since_death":104207,"minecraft:sprint_one_cm":733178,"minecraft:walk_one_cm":311015,"minecraft:damage_blocked_by_shield":995,"minecraft:drop":18,"minecraft:play_time":207512,"minecraft:walk_under_water_one_cm":45985,"minecraft:deaths":5,"minecraft:sneak_time":39672,"minecraft:boat_one_cm":326524,"minecraft:jump":4310,"minecraft:walk_on_water_one_cm":49135,"minecraft:total_world_time":207512,"minecraft:interact_with_furnace":158,"minecraft:sleep_in_bed":2,"minecraft:time_since_rest":12589,"minecraft:damage_taken":4411,"minecraft:damage_dealt":12793,"minecraft:swim_one_cm":67247,"minecraft:fly_one_cm":766552,"minecraft:crouch_one_cm":122552,"minecraft:fall_one_cm":152494},"minecraft:broken":{"minecraft:stone_pickaxe":3,"minecraft:wooden_sword":1,"minecraft:stone_axe":1,"minecraft:iron_pickaxe":1,"minecraft:wooden_axe":1},"minecraft:crafted":{"minecraft:wooden_sword":1,"minecraft:oak_planks":176,"minecraft:cooked_chicken":11,"minecraft:furnace":8,"minecraft:cooked_mutton":11,"minecraft:iron_boots":1,"minecraft:iron_axe":1,"minecraft:stone_pickaxe":4,"minecraft:spruce_boat":1,"minecraft:cooked_beef":13,"minecraft:cooked_porkchop":25,"minecraft:crafting_table":4,"minecraft:spruce_planks":12,"minecraft:wooden_pickaxe":2,"minecraft:iron_helmet":2,"minecraft:iron_sword":1,"minecraft:bucket":2,"minecraft:stone_axe":1,"minecraft:air":0,"minecraft:oak_boat":2,"minecraft:iron_chestplate":2,"minecraft:shield":2,"minecraft:stick":100,"minecraft:iron_ingot":33,"minecraft:iron_pickaxe":2,"minecraft:wooden_axe":2,"minecraft:iron_leggings":1,"minecraft:white_bed":2,"minecraft:torch":160},"minecraft:killed_by":{"minecraft:skeleton":1},"minecraft:killed":{"minecraft:spider":4,"minecraft:skeleton":13,"minecraft:chicken":18,"minecraft:pig":16,"minecraft:sheep":30,"minecraft:zombie":15,"minecraft:donkey":1,"minecraft:cow":14},"minecraft:mined":{"minecraft:white_bed":2,"minecraft:deepslate_diamond_ore":39,"minecraft:sculk_vein":2,"minecraft:glow_lichen":2,"minecraft:grass_block":6,"minecraft:spruce_leaves":6,"minecraft:spawner":1,"minecraft:furnace":27,"minecraft:iron_ore":193,"minecraft:andesite":21,"minecraft:deepslate_lapis_ore":8,"minecraft:deepslate_iron_ore":29,"minecraft:rail":1,"minecraft:stone":202,"minecraft:powder_snow":8,"minecraft:crafting_table":26,"minecraft:torch":5,"minecraft:short_grass":18,"minecraft:tall_grass":1,"minecraft:copper_ore":1,"minecraft:cobblestone":1,"minecraft:deepslate_gold_ore":14,"minecraft:lapis_ore":14,"minecraft:sculk":2,"minecraft:wall_torch":2,"minecraft:gray_wool":1,"minecraft:sweet_berry_bush":24,"minecraft:spruce_log":4,"minecraft:birch_leaves":3,"minecraft:oak_log":44,"minecraft:coal_ore":193,"minecraft:gravel":1,"minecraft:dirt":7,"minecraft:cobweb":10,"minecraft:gold_ore":1,"minecraft:oak_leaves":17,"minecraft:deepslate":69,"minecraft:fern":1},"minecraft:used":{"minecraft:shield":31,"minecraft:iron_sword":27,"minecraft:cooked_chicken":1,"minecraft:torch":104,"minecraft:dirt":13,"minecraft:spruce_boat":7,"minecraft:wooden_axe":78,"minecraft:iron_axe":57,"minecraft:birch_sapling":1,"minecraft:bow":8,"minecraft:sweet_berries":52,"minecraft:oak_sapling":1,"minecraft:furnace":27,"minecraft:cooked_beef":14,"minecraft:cooked_mutton":3,"minecraft:water_bucket":19,"minecraft:stone_pickaxe":513,"minecraft:wooden_pickaxe":44,"minecraft:white_wool":1,"minecraft:crafting_table":26,"minecraft:white_bed":3,"minecraft:chicken":1,"minecraft:iron_pickaxe":280,"minecraft:stone_axe":72,"minecraft:wooden_sword":53,"minecraft:cobblestone":122,"minecraft:porkchop":2,"minecraft:cooked_porkchop":11,"minecraft:andesite":4,"minecraft:bucket":21,"minecraft:oak_boat":7,"minecraft:gray_wool":1}},"DataVersion":3955}