{"stats":{"minecraft:used":{"minecraft:stone_sword":111,"minecraft:poppy":2,"minecraft:shield":46,"minecraft:iron_sword":254,"minecraft:cooked_salmon":16,"minecraft:cooked_chicken":3,"minecraft:rotten_flesh":23,"minecraft:iron_chestplate":1,"minecraft:torch":34,"minecraft:dirt":8,"minecraft:tuff":6,"minecraft:snowball":16,"minecraft:birch_sapling":1,"minecraft:iron_boots":1,"minecraft:bow":11,"minecraft:sweet_berries":51,"minecraft:oak_sapling":3,"minecraft:furnace":9,"minecraft:cooked_cod":5,"minecraft:cooked_beef":3,"minecraft:cobbled_deepslate":172,"minecraft:water_bucket":5,"minecraft:stone_pickaxe":30,"minecraft:oak_planks":25,"minecraft:wooden_pickaxe":16,"minecraft:sand":1,"minecraft:rail":1,"minecraft:crafting_table":12,"minecraft:apple":4,"minecraft:bread":1,"minecraft:iron_pickaxe":741,"minecraft:stone_axe":47,"minecraft:cobblestone":54,"minecraft:cooked_porkchop":4,"minecraft:bucket":6,"minecraft:kelp":6,"minecraft:dandelion":1},"minecraft:broken":{"minecraft:iron_sword":1,"minecraft:iron_pickaxe":2},"minecraft:picked_up":{"minecraft:charcoal":2,"minecraft:iron_chestplate":1,"minecraft:crafting_table":12,"minecraft:chicken":4,"minecraft:string":26,"minecraft:cooked_salmon":7,"minecraft:iron_leggings":1,"minecraft:cobbled_deepslate":191,"minecraft:beef":3,"minecraft:iron_pickaxe":2,"minecraft:poppy":2,"minecraft:birch_sapling":1,"minecraft:iron_boots":1,"minecraft:furnace":8,"minecraft:raw_iron":155,"minecraft:stick":7,"minecraft:torch":29,"minecraft:porkchop":5,"minecraft:diorite":17,"minecraft:redstone":8,"minecraft:arrow":26,"minecraft:rotten_flesh":70,"minecraft:cod":5,"minecraft:snowball":28,"minecraft:rail":2,"minecraft:cobblestone":198,"minecraft:feather":8,"minecraft:cooked_beef":1,"minecraft:salmon":16,"minecraft:tuff":8,"minecraft:oak_log":46,"minecraft:lapis_lazuli":56,"minecraft:dirt":9,"minecraft:bone":14,"minecraft:apple":4,"minecraft:kelp":6,"minecraft:bow":2,"minecraft:raw_gold":1,"minecraft:iron_ingot":2,"minecraft:cooked_chicken":3,"minecraft:oak_planks":147,"minecraft:iron_sword":1,"minecraft:cooked_porkchop":5,"minecraft:sweet_berries":51,"minecraft:dandelion":1,"minecraft:sand":1,"minecraft:spider_eye":2,"minecraft:diamond":68,"minecraft:stone_axe":1,"minecraft:granite":6,"minecraft:oak_sapling":3,"minecraft:coal":123},"minecraft:mined":{"minecraft:tuff":8,"minecraft:deepslate_diamond_ore":54,"minecraft:granite":3,"minecraft:grass_block":7,"minecraft:spruce_leaves":6,"minecraft:kelp":1,"minecraft:furnace":7,"minecraft:iron_ore":39,"minecraft:cobbled_deepslate":6,"minecraft:deepslate_lapis_ore":9,"minecraft:deepslate_iron_ore":86,"minecraft:rail":1,"minecraft:stone":186,"minecraft:kelp_plant":3,"minecraft:crafting_table":11,"minecraft:torch":2,"minecraft:short_grass":1,"minecraft:cobblestone":45,"minecraft:deepslate_gold_ore":1,"minecraft:oak_planks":5,"minecraft:diorite":17,"minecraft:wall_torch":3,"minecraft:sweet_berry_bush":25,"minecraft:ice":4,"minecraft:oak_log":45,"minecraft:coal_ore":123,"minecraft:dirt":13,"minecraft:cobweb":1,"minecraft:oak_leaves":9,"minecraft:deepslate":156},"minecraft:killed":{"minecraft:cave_spider":3,"minecraft:witch":1,"minecraft:spider":14,"minecraft:cod":5,"minecraft:skeleton":13,"minecraft:chicken":4,"minecraft:pig":2,"minecraft:zombie_villager":1,"minecraft:salmon":17,"minecraft:creeper":1,"minecraft:zombie":44,"minecraft:cow":1},"minecraft:killed_by":{"minecraft:player":1,"minecraft:skeleton":1},"minecraft:dropped":{"minecraft:granite":6,"minecraft:rail":1,"minecraft:diorite":17,"minecraft:snowball":4,"minecraft:iron_leggings":1,"minecraft:iron_pickaxe":1,"minecraft:white_wool":3,"minecraft:stone_sword":1,"minecraft:tuff":2,"minecraft:iron_boots":1,"minecraft:iron_chestplate":1,"minecraft:spider_eye":1,"minecraft:stone_pickaxe":1,"minecraft:raw_gold":1},"minecraft:custom":{"minecraft:mob_kills":113,"minecraft:interact_with_crafting_table":28,"minecraft:leave_game":18,"minecraft:time_since_death":84422,"minecraft:sprint_one_cm":270971,"minecraft:walk_one_cm":537621,"minecraft:damage_blocked_by_shield":2480,"minecraft:drop":16,"minecraft:play_time":146568,"minecraft:deaths":3,"minecraft:sneak_time":10312,"minecraft:walk_under_water_one_cm":65923,"minecraft:jump":2274,"minecraft:walk_on_water_one_cm":44238,"minecraft:total_world_time":146568,"minecraft:interact_with_furnace":70,"minecraft:time_since_rest":84450,"minecraft:damage_taken":3882,"minecraft:damage_dealt":15182,"minecraft:swim_one_cm":86569,"minecraft:fly_one_cm":204039,"minecraft:open_chest":9,"minecraft:crouch_one_cm":24119,"minecraft:fall_one_cm":50138},"minecraft:crafted":{"minecraft:oak_planks":108,"minecraft:furnace":3,"minecraft:diamond_helmet":1,"minecraft:diamond_leggings":1,"minecraft:iron_boots":1,"minecraft:iron_axe":1,"minecraft:stone_pickaxe":1,"minecraft:diamond_boots":1,"minecraft:cooked_beef":2,"minecraft:cooked_cod":5,"minecraft:cooked_porkchop":3,"minecraft:crafting_table":2,"minecraft:wooden_pickaxe":1,"minecraft:iron_sword":1,"minecraft:cooked_salmon":16,"minecraft:bucket":1,"minecraft:stone_axe":1,"minecraft:air":0,"minecraft:white_wool":3,"minecraft:iron_chestplate":1,"minecraft:charcoal":11,"minecraft:shield":2,"minecraft:stick":24,"minecraft:iron_ingot":33,"minecraft:iron_pickaxe":3,"minecraft:stone_sword":1,"minecraft:iron_leggings":1,"minecraft:torch":44,"minecraft:diamond_chestplate":1}},"DataVersion":3955}