{"stats":{"minecraft:used":{"minecraft:water_bucket":4,"minecraft:stone_sword":111,"minecraft:stone_pickaxe":30,"minecraft:oak_planks":25,"minecraft:poppy":2,"minecraft:shield":46,"minecraft:wooden_pickaxe":16,"minecraft:iron_sword":229,"minecraft:cooked_salmon":16,"minecraft:rotten_flesh":14,"minecraft:iron_chestplate":1,"minecraft:torch":34,"minecraft:dirt":8,"minecraft:sand":1,"minecraft:rail":1,"minecraft:crafting_table":12,"minecraft:tuff":6,"minecraft:snowball":16,"minecraft:apple":4,"minecraft:bread":1,"minecraft:iron_pickaxe":652,"minecraft:birch_sapling":1,"minecraft:iron_boots":1,"minecraft:stone_axe":47,"minecraft:bow":11,"minecraft:cobblestone":4,"minecraft:sweet_berries":45,"minecraft:cooked_porkchop":3,"minecraft:furnace":8,"minecraft:oak_sapling":3,"minecraft:cooked_cod":5,"minecraft:bucket":5,"minecraft:cooked_beef":3,"minecraft:cobbled_deepslate":172,"minecraft:kelp":6,"minecraft:dandelion":1},"minecraft:broken":{"minecraft:iron_pickaxe":2},"minecraft:picked_up":{"minecraft:charcoal":2,"minecraft:crafting_table":12,"minecraft:iron_chestplate":1,"minecraft:cooked_beef":1,"minecraft:salmon":16,"minecraft:tuff":8,"minecraft:oak_log":46,"minecraft:lapis_lazuli":56,"minecraft:dirt":8,"minecraft:string":26,"minecraft:cooked_salmon":7,"minecraft:iron_leggings":1,"minecraft:bone":14,"minecraft:apple":4,"minecraft:kelp":6,"minecraft:bow":2,"minecraft:cobbled_deepslate":191,"minecraft:raw_gold":1,"minecraft:iron_ingot":2,"minecraft:beef":3,"minecraft:poppy":2,"minecraft:iron_pickaxe":2,"minecraft:iron_sword":1,"minecraft:birch_sapling":1,"minecraft:oak_planks":146,"minecraft:iron_boots":1,"minecraft:furnace":8,"minecraft:stick":7,"minecraft:raw_iron":155,"minecraft:sweet_berries":45,"minecraft:torch":29,"minecraft:dandelion":1,"minecraft:sand":1,"minecraft:porkchop":3,"minecraft:diorite":17,"minecraft:redstone":8,"minecraft:spider_eye":2,"minecraft:arrow":26,"minecraft:rotten_flesh":66,"minecraft:diamond":68,"minecraft:stone_axe":1,"minecraft:granite":6,"minecraft:oak_sapling":3,"minecraft:cod":5,"minecraft:coal":123,"minecraft:snowball":28,"minecraft:rail":2,"minecraft:cobblestone":143},"minecraft:mined":{"minecraft:tuff":8,"minecraft:deepslate_diamond_ore":54,"minecraft:kelp_plant":3,"minecraft:crafting_table":11,"minecraft:torch":2,"minecraft:granite":3,"minecraft:grass_block":3,"minecraft:spruce_leaves":2,"minecraft:deepslate_gold_ore":1,"minecraft:oak_planks":4,"minecraft:kelp":1,"minecraft:diorite":17,"minecraft:wall_torch":3,"minecraft:furnace":7,"minecraft:iron_ore":39,"minecraft:cobbled_deepslate":6,"minecraft:sweet_berry_bush":20,"minecraft:ice":4,"minecraft:deepslate_lapis_ore":9,"minecraft:coal_ore":123,"minecraft:oak_log":45,"minecraft:deepslate_iron_ore":86,"minecraft:rail":1,"minecraft:dirt":5,"minecraft:cobweb":1,"minecraft:stone":155,"minecraft:oak_leaves":7,"minecraft:deepslate":156},"minecraft:killed":{"minecraft:cave_spider":3,"minecraft:pig":1,"minecraft:witch":1,"minecraft:zombie_villager":1,"minecraft:salmon":17,"minecraft:spider":13,"minecraft:cod":5,"minecraft:creeper":1,"minecraft:skeleton":13,"minecraft:zombie":41,"minecraft:cow":1},"minecraft:killed_by":{"minecraft:player":1,"minecraft:skeleton":1},"minecraft:dropped":{"minecraft:stone_sword":1,"minecraft:tuff":2,"minecraft:granite":6,"minecraft:rail":1,"minecraft:snowball":4,"minecraft:iron_pickaxe":1,"minecraft:stone_pickaxe":1},"minecraft:custom":{"minecraft:interact_with_furnace":67,"minecraft:mob_kills":104,"minecraft:interact_with_crafting_table":26,"minecraft:leave_game":15,"minecraft:time_since_death":61401,"minecraft:time_since_rest":61429,"minecraft:sprint_one_cm":211834,"minecraft:damage_taken":3532,"minecraft:walk_one_cm":461458,"minecraft:damage_blocked_by_shield":2480,"minecraft:drop":9,"minecraft:damage_dealt":14133,"minecraft:swim_one_cm":75966,"minecraft:fly_one_cm":173385,"minecraft:open_chest":3,"minecraft:crouch_one_cm":23173,"minecraft:play_time":123547,"minecraft:deaths":3,"minecraft:sneak_time":9765,"minecraft:walk_under_water_one_cm":64946,"minecraft:jump":1902,"minecraft:walk_on_water_one_cm":41372,"minecraft:total_world_time":123547,"minecraft:fall_one_cm":40630},"minecraft:crafted":{"minecraft:cooked_beef":2,"minecraft:cooked_cod":5,"minecraft:oak_planks":108,"minecraft:cooked_porkchop":3,"minecraft:crafting_table":2,"minecraft:wooden_pickaxe":1,"minecraft:iron_sword":1,"minecraft:furnace":2,"minecraft:cooked_salmon":16,"minecraft:bucket":1,"minecraft:stone_axe":1,"minecraft:air":0,"minecraft:diamond_helmet":1,"minecraft:iron_chestplate":1,"minecraft:diamond_leggings":1,"minecraft:iron_boots":1,"minecraft:charcoal":11,"minecraft:shield":2,"minecraft:stick":16,"minecraft:iron_ingot":33,"minecraft:iron_pickaxe":2,"minecraft:stone_pickaxe":1,"minecraft:stone_sword":1,"minecraft:diamond_boots":1,"minecraft:iron_leggings":1,"minecraft:torch":44,"minecraft:diamond_chestplate":1}},"DataVersion":3955}