{"stats":{"minecraft:used":{"minecraft:stone_sword":64,"minecraft:chest":1,"minecraft:torch":7,"minecraft:dirt":22,"minecraft:snowball":2,"minecraft:wooden_axe":77,"minecraft:lantern":4,"minecraft:furnace":1,"minecraft:cooked_cod":2,"minecraft:wheat_seeds":1,"minecraft:cooked_mutton":5,"minecraft:stone_pickaxe":96,"minecraft:birch_boat":5,"minecraft:wooden_pickaxe":79,"minecraft:blue_bed":2,"minecraft:crafting_table":4,"minecraft:white_bed":2,"minecraft:bread":17,"minecraft:cobblestone":19,"minecraft:cooked_porkchop":6,"minecraft:cooked_rabbit":1,"minecraft:andesite":6,"minecraft:oak_boat":1},"minecraft:broken":{"minecraft:wooden_axe":2},"minecraft:picked_up":{"minecraft:wooden_axe":1,"minecraft:iron_chestplate":1,"minecraft:crafting_table":5,"minecraft:chicken":5,"minecraft:smithing_table":3,"minecraft:wooden_pickaxe":1,"minecraft:cooked_rabbit":2,"minecraft:shield":1,"minecraft:string":3,"minecraft:red_bed":5,"minecraft:iron_leggings":1,"minecraft:cobbled_deepslate":18,"minecraft:oak_boat":2,"minecraft:spruce_slab":4,"minecraft:iron_boots":1,"minecraft:furnace":1,"minecraft:stick":2,"minecraft:raw_iron":40,"minecraft:torch":96,"minecraft:porkchop":6,"minecraft:stone_sword":4,"minecraft:arrow":2,"minecraft:rotten_flesh":4,"minecraft:cooked_cod":6,"minecraft:beetroot_seeds":6,"minecraft:mutton":1,"minecraft:snowball":15,"minecraft:white_wool":4,"minecraft:cobblestone":93,"minecraft:birch_log":12,"minecraft:feather":7,"minecraft:glow_ink_sac":2,"minecraft:andesite":15,"minecraft:leather":1,"minecraft:potato":15,"minecraft:filled_map":2,"minecraft:tuff":2,"minecraft:dirt":47,"minecraft:blue_bed":12,"minecraft:lantern":7,"minecraft:bone":2,"minecraft:stonecutter":3,"minecraft:wheat_seeds":1,"minecraft:rabbit_hide":2,"minecraft:stone_pickaxe":4,"minecraft:iron_ingot":32,"minecraft:rabbit":1,"minecraft:cooked_porkchop":6,"minecraft:birch_boat":4,"minecraft:sweet_berries":9,"minecraft:gravel":2,"minecraft:stripped_spruce_log":7,"minecraft:spruce_sapling":2,"minecraft:white_bed":9,"minecraft:spruce_log":10,"minecraft:barrel":6,"minecraft:spider_eye":2,"minecraft:spruce_boat":1,"minecraft:iron_helmet":1,"minecraft:bread":19,"minecraft:baked_potato":12,"minecraft:coal":38},"minecraft:mined":{"minecraft:tuff":2,"minecraft:white_bed":9,"minecraft:grass_block":9,"minecraft:spruce_leaves":12,"minecraft:large_fern":1,"minecraft:furnace":1,"minecraft:iron_ore":17,"minecraft:barrel":3,"minecraft:andesite":15,"minecraft:stripped_spruce_log":7,"minecraft:deepslate_iron_ore":10,"minecraft:lantern":3,"minecraft:packed_ice":3,"minecraft:stone":40,"minecraft:spruce_slab":1,"minecraft:smithing_table":1,"minecraft:red_bed":3,"minecraft:crafting_table":2,"minecraft:torch":1,"minecraft:cobblestone":7,"minecraft:blue_bed":11,"minecraft:wall_torch":7,"minecraft:birch_log":12,"minecraft:ice":2,"minecraft:wheat":1,"minecraft:sweet_berry_bush":7,"minecraft:spruce_log":10,"minecraft:birch_leaves":1,"minecraft:coal_ore":39,"minecraft:dirt":18,"minecraft:stonecutter":1,"minecraft:deepslate":6},"minecraft:killed":{"minecraft:spider":3,"minecraft:chicken":3,"minecraft:pig":3,"minecraft:polar_bear":1,"minecraft:sheep":1,"minecraft:zombie":5},"minecraft:killed_by":{"minecraft:zombie_villager":1,"minecraft:player":8,"minecraft:zombie":2},"minecraft:dropped":{"minecraft:baked_potato":9,"minecraft:smithing_table":1,"minecraft:cobblestone":4,"minecraft:stick":1,"minecraft:dirt":2,"minecraft:red_bed":5,"minecraft:white_wool":1,"minecraft:blue_bed":10,"minecraft:stone_sword":1,"minecraft:rotten_flesh":3,"minecraft:white_bed":8,"minecraft:potato":14,"minecraft:spruce_boat":1,"minecraft:spruce_planks":27,"minecraft:spruce_slab":1,"minecraft:stone_pickaxe":1,"minecraft:wooden_pickaxe":2},"minecraft:custom":{"minecraft:interact_with_smithing_table":1,"minecraft:mob_kills":16,"minecraft:interact_with_crafting_table":39,"minecraft:open_barrel":1,"minecraft:bell_ring":1,"minecraft:leave_game":14,"minecraft:time_since_death":1466,"minecraft:sprint_one_cm":438242,"minecraft:walk_one_cm":300631,"minecraft:drop":76,"minecraft:talked_to_villager":31,"minecraft:play_time":125569,"minecraft:deaths":15,"minecraft:sneak_time":3569,"minecraft:walk_under_water_one_cm":60307,"minecraft:boat_one_cm":332185,"minecraft:jump":3009,"minecraft:walk_on_water_one_cm":20755,"minecraft:total_world_time":125569,"minecraft:interact_with_furnace":47,"minecraft:interact_with_stonecutter":1,"minecraft:sleep_in_bed":6,"minecraft:time_since_rest":1827,"minecraft:damage_taken":7877,"minecraft:damage_dealt":3734,"minecraft:swim_one_cm":17530,"minecraft:fly_one_cm":567777,"minecraft:player_kills":1,"minecraft:open_chest":36,"minecraft:crouch_one_cm":4349,"minecraft:fall_one_cm":99344},"minecraft:crafted":{"minecraft:birch_boat":1,"minecraft:furnace":1,"minecraft:cooked_mutton":5,"minecraft:iron_boots":1,"minecraft:stone_pickaxe":1,"minecraft:chest":1,"minecraft:cooked_rabbit":1,"minecraft:cooked_porkchop":6,"minecraft:spruce_planks":40,"minecraft:wooden_pickaxe":2,"minecraft:baked_potato":6,"minecraft:iron_helmet":1,"minecraft:birch_planks":48,"minecraft:air":0,"minecraft:iron_chestplate":1,"minecraft:shield":1,"minecraft:stick":76,"minecraft:wooden_axe":2,"minecraft:stone_sword":1,"minecraft:iron_leggings":1,"minecraft:white_bed":1,"minecraft:torch":84}},"DataVersion":3955}